year,month,temp,temp_source,tmin,tmin_source,tmax,tmax_source,txmn,txmn_source,txmx,txmx_source,prcp,prcp_source,pres,pres_source
1943,9,20.2,isd_lite,13.3,isd_lite,30.0,isd_lite,10.0,isd_lite,38.9,isd_lite,,,1011.7,isd_lite
1943,10,16.3,isd_lite,10.3,isd_lite,23.8,isd_lite,3.3,isd_lite,35.0,isd_lite,,,1014.0,isd_lite
1943,11,12.1,isd_lite,5.7,isd_lite,20.0,isd_lite,0.6,isd_lite,25.5,isd_lite,,,1019.8,isd_lite
1943,12,9.0,isd_lite,4.3,isd_lite,14.8,isd_lite,-1.1,isd_lite,22.8,isd_lite,,,1019.4,isd_lite
1944,1,7.9,isd_lite,3.6,isd_lite,13.1,isd_lite,-1.1,isd_lite,19.4,isd_lite,,,1020.7,isd_lite
1944,2,9.3,isd_lite,5.0,isd_lite,14.0,isd_lite,0.6,isd_lite,17.8,isd_lite,,,1016.1,isd_lite
1944,3,12.7,isd_lite,6.7,isd_lite,19.4,isd_lite,1.7,isd_lite,26.1,isd_lite,,,1018.8,isd_lite
1944,4,12.3,isd_lite,7.4,isd_lite,18.1,isd_lite,2.2,isd_lite,23.9,isd_lite,,,1016.5,isd_lite
1944,5,16.2,isd_lite,10.2,isd_lite,23.2,isd_lite,7.2,isd_lite,32.2,isd_lite,,,1014.4,isd_lite
1944,6,17.5,isd_lite,11.9,isd_lite,24.5,isd_lite,7.8,isd_lite,35.0,isd_lite,,,1011.7,isd_lite
1944,7,18.2,isd_lite,12.7,isd_lite,26.3,isd_lite,11.1,isd_lite,33.3,isd_lite,,,1012.7,isd_lite
1944,8,20.1,isd_lite,13.2,isd_lite,29.7,isd_lite,11.1,isd_lite,41.1,isd_lite,,,1011.2,isd_lite
1944,9,21.2,isd_lite,13.6,isd_lite,31.1,isd_lite,10.0,isd_lite,42.2,isd_lite,,,1010.8,isd_lite
1944,10,17.6,isd_lite,11.5,isd_lite,25.3,isd_lite,9.4,isd_lite,31.1,isd_lite,,,1015.9,isd_lite
1944,11,10.7,isd_lite,6.6,isd_lite,15.6,isd_lite,1.7,isd_lite,19.4,isd_lite,,,1016.3,isd_lite
1944,12,8.0,isd_lite,3.9,isd_lite,13.2,isd_lite,-0.6,isd_lite,17.8,isd_lite,,,1020.6,isd_lite
1945,1,6.8,isd_lite,3.2,isd_lite,11.0,isd_lite,-2.2,isd_lite,17.2,isd_lite,,,1021.9,isd_lite
1945,2,10.8,isd_lite,6.0,isd_lite,16.2,isd_lite,-0.6,isd_lite,20.0,isd_lite,,,1018.7,isd_lite
1945,3,9.8,isd_lite,5.1,isd_lite,15.5,isd_lite,0.6,isd_lite,25.0,isd_lite,,,1017.0,isd_lite
1945,4,15.3,isd_lite,8.6,isd_lite,23.1,isd_lite,2.2,isd_lite,32.7,isd_lite,,,1017.2,isd_lite
1945,5,14.8,isd_lite,9.8,isd_lite,21.4,isd_lite,7.2,isd_lite,28.9,isd_lite,,,1015.3,isd_lite
1945,6,21.3,isd_lite,13.7,isd_lite,29.8,isd_lite,10.0,isd_lite,40.0,isd_lite,,,1011.5,isd_lite
1945,7,20.9,isd_lite,13.8,isd_lite,31.2,isd_lite,11.1,isd_lite,38.3,isd_lite,,,1011.3,isd_lite
1945,8,19.9,isd_lite,12.7,isd_lite,30.0,isd_lite,11.1,isd_lite,37.7,isd_lite,,,1011.9,isd_lite
1945,9,20.6,isd_lite,13.6,isd_lite,29.9,isd_lite,8.3,isd_lite,38.3,isd_lite,,,1012.2,isd_lite
1945,10,17.4,isd_lite,12.1,isd_lite,24.6,isd_lite,6.1,isd_lite,35.0,isd_lite,,,1014.6,isd_lite
1945,11,11.3,isd_lite,7.0,isd_lite,16.4,isd_lite,2.2,isd_lite,26.6,isd_lite,,,1019.1,isd_lite
1945,12,8.1,isd_lite,4.8,isd_lite,11.9,isd_lite,-3.9,isd_lite,17.2,isd_lite,,,1018.9,isd_lite
1946,1,7.3,isd_lite,2.9,isd_lite,12.9,isd_lite,-3.3,isd_lite,17.8,isd_lite,,,1023.2,isd_lite
1946,2,8.0,isd_lite,3.3,isd_lite,13.4,isd_lite,-1.1,isd_lite,20.5,isd_lite,,,1020.2,isd_lite
1946,3,11.4,isd_lite,6.4,isd_lite,17.4,isd_lite,3.3,isd_lite,25.0,isd_lite,,,1016.4,isd_lite
1946,4,14.2,isd_lite,7.9,isd_lite,21.8,isd_lite,3.9,isd_lite,33.9,isd_lite,,,1017.6,isd_lite
1946,5,16.0,isd_lite,10.4,isd_lite,23.4,isd_lite,7.8,isd_lite,32.7,isd_lite,,,1013.0,isd_lite
1946,6,19.6,isd_lite,12.6,isd_lite,27.6,isd_lite,9.4,isd_lite,38.9,isd_lite,,,1015.4,isd_lite
1946,7,21.8,isd_lite,14.8,isd_lite,30.7,isd_lite,,,,,,,1013.3,isd_lite
1946,8,19.9,isd_lite,13.1,isd_lite,29.6,isd_lite,11.7,isd_lite,42.7,isd_lite,,,1012.4,isd_lite
1946,9,21.1,isd_lite,13.8,isd_lite,29.8,isd_lite,11.1,isd_lite,36.6,isd_lite,,,1011.7,isd_lite
1946,10,16.6,isd_lite,10.5,isd_lite,23.7,isd_lite,2.2,isd_lite,32.2,isd_lite,,,1015.2,isd_lite
1946,11,11.0,isd_lite,6.2,isd_lite,16.3,isd_lite,1.7,isd_lite,22.8,isd_lite,,,1018.0,isd_lite
1946,12,7.6,isd_lite,4.8,isd_lite,11.0,isd_lite,-1.1,isd_lite,17.2,isd_lite,,,1019.5,isd_lite
1947,1,5.4,isd_lite,1.0,isd_lite,11.5,isd_lite,-3.9,isd_lite,18.9,isd_lite,,,1022.8,isd_lite
1947,2,9.9,isd_lite,5.7,isd_lite,15.0,isd_lite,0.0,isd_lite,24.4,isd_lite,,,1018.5,isd_lite
1947,3,12.8,isd_lite,8.4,isd_lite,17.9,isd_lite,4.4,isd_lite,25.5,isd_lite,,,1016.8,isd_lite
1947,4,16.2,isd_lite,9.7,isd_lite,24.0,isd_lite,4.4,isd_lite,33.3,isd_lite,,,1017.1,isd_lite
1947,5,18.6,isd_lite,12.2,isd_lite ghcnd,26.8,isd_lite ghcnd,8.9,isd_lite ghcnd,36.6,isd_lite ghcnd,,,1012.4,isd_lite
1947,6,21.5,isd_lite,14.6,isd_lite,29.4,isd_lite,10.5,isd_lite,41.1,isd_lite,,,1012.0,isd_lite
1947,7,20.9,isd_lite,14.0,isd_lite,29.6,isd_lite,10.5,isd_lite,37.7,isd_lite,,,1014.5,isd_lite
1947,8,20.6,isd_lite,14.2,isd_lite,29.1,isd_lite,12.2,isd_lite,38.3,isd_lite,,,1012.5,isd_lite
1947,9,21.9,isd_lite,14.4,isd_lite,31.5,isd_lite,10.0,isd_lite,38.9,isd_lite,,,1013.1,isd_lite
1947,10,16.7,isd_lite,11.9,isd_lite ghcnd,22.6,isd_lite ghcnd,6.7,isd_lite ghcnd,36.1,isd_lite ghcnd,,,1015.3,isd_lite
1947,11,11.2,isd_lite,5.9,isd_lite,17.1,isd_lite,0.0,isd_lite,21.6,isd_lite,,,1019.4,isd_lite
1947,12,7.7,isd_lite,3.2,isd_lite,12.9,isd_lite,-2.8,isd_lite,20.0,isd_lite,,,1021.1,isd_lite
1948,1,9.9,isd_lite,4.0,isd_lite,17.2,isd_lite,-1.7,isd_lite,25.0,isd_lite,,,1021.0,isd_lite
1948,2,9.3,isd_lite,4.6,isd_lite,15.0,isd_lite,-1.1,isd_lite,21.1,isd_lite,,,1020.2,isd_lite
1948,3,10.6,isd_lite,5.6,isd_lite,16.2,isd_lite,1.1,isd_lite,21.6,isd_lite,,,1016.9,isd_lite
1948,4,11.9,isd_lite,7.7,isd_lite,16.7,isd_lite,3.3,isd_lite,23.9,isd_lite,,,1017.2,isd_lite
1948,5,15.3,isd_lite,9.7,isd_lite,22.0,isd_lite,5.6,isd_lite,29.4,isd_lite,,,1015.2,isd_lite
1948,6,19.2,isd_lite,13.3,isd_lite,26.7,isd_lite,9.4,isd_lite,35.5,isd_lite,,,1012.7,isd_lite
1948,7,20.8,isd_lite,14.0,isd_lite,29.7,isd_lite,11.1,isd_lite,40.5,isd_lite,,,1011.5,isd_lite
1948,8,20.4,isd_lite,13.9,isd_lite,29.3,isd_lite,12.2,isd_lite,35.0,isd_lite,,,1013.0,isd_lite
1948,9,20.1,isd_lite,13.0,isd_lite,29.3,isd_lite,8.3,isd_lite,38.9,isd_lite,,,1012.3,isd_lite
1948,10,16.7,isd_lite,11.1,isd_lite,23.8,isd_lite,5.0,isd_lite,31.1,isd_lite,,,1014.9,isd_lite
1948,11,12.1,isd_lite,6.3,isd_lite,19.0,isd_lite,-1.1,isd_lite,22.2,isd_lite,,,1021.0,isd_lite
1948,12,6.1,isd_lite,2.7,isd_lite,10.0,isd_lite,-3.3,isd_lite,18.9,isd_lite,,,1019.8,isd_lite
1949,1,4.3,isd_lite,-0.4,ghcnd,9.5,ghcnd,-6.1,ghcnd,13.9,ghcnd,40.2,ghcnd,1020.8,isd_lite
1949,2,7.9,isd_lite,3.1,ghcnd,12.8,ghcnd,-1.7,ghcnd,21.1,ghcnd,,,1019.5,isd_lite
1949,3,11.5,isd_lite,7.6,ghcnd,16.3,ghcnd,3.3,ghcnd,21.7,ghcnd,85.6,ghcnd,1015.9,isd_lite
1949,4,15.7,isd_lite,9.2,ghcnd,23.4,ghcnd,6.7,ghcnd,29.4,ghcnd,0.0,ghcnd,1017.1,isd_lite
1949,5,16.9,isd_lite,11.3,ghcnd,23.8,ghcnd,7.2,ghcnd,33.3,ghcnd,0.0,ghcnd,1014.0,isd_lite
1949,6,20.4,isd_lite,13.2,ghcnd isd_lite,29.1,ghcnd isd_lite,8.3,ghcnd isd_lite,35.6,ghcnd isd_lite,,,1011.2,isd_lite
1949,7,20.1,isd_lite,12.7,ghcnd,29.7,ghcnd,10.6,ghcnd,37.2,ghcnd,0.3,ghcnd,1012.2,isd_lite
1949,8,19.7,isd_lite,13.7,ghcnd,28.1,ghcnd,11.7,ghcnd,34.4,ghcnd,0.0,ghcnd,1013.8,isd_lite
1949,9,20.4,isd_lite,13.9,ghcnd,28.4,ghcnd,10.6,ghcnd,38.9,ghcnd,0.0,ghcnd,1011.7,isd_lite
1949,10,16.3,isd_lite,10.1,ghcnd,24.2,ghcnd,3.9,ghcnd,32.2,ghcnd,0.0,ghcnd,1015.7,isd_lite
1949,11,13.5,isd_lite,7.9,ghcnd,20.5,ghcnd,3.3,ghcnd,30.0,ghcnd,30.1,ghcnd,1019.1,isd_lite
1949,12,7.1,isd_lite,2.6,ghcnd,12.5,ghcnd,-2.8,ghcnd,18.9,ghcnd,47.0,ghcnd,1019.4,isd_lite
1950,1,6.0,isd_lite,2.2,ghcnd,10.1,ghcnd,-4.4,ghcnd,16.7,ghcnd,,,1019.9,isd_lite
1950,2,10.2,isd_lite,5.4,ghcnd,16.0,ghcnd,-1.1,ghcnd,23.3,ghcnd,56.8,ghcnd,1019.8,isd_lite
1950,3,11.3,isd_lite,6.3,ghcnd,17.1,ghcnd,1.7,ghcnd,25.6,ghcnd,32.8,ghcnd,1019.3,isd_lite
1950,4,15.3,isd_lite,8.9,ghcnd,22.8,ghcnd,5.0,ghcnd,31.1,ghcnd,17.3,ghcnd,1015.2,isd_lite
1950,5,17.0,isd_lite,10.3,ghcnd isd_lite,24.7,ghcnd isd_lite,4.4,ghcnd isd_lite,38.3,ghcnd isd_lite,,,1013.4,isd_lite
1950,6,18.8,isd_lite,12.3,ghcnd,26.9,ghcnd,7.2,ghcnd,40.0,ghcnd,0.0,ghcnd,1012.4,isd_lite
1950,7,20.9,isd_lite,14.0,ghcnd,30.3,ghcnd,12.2,ghcnd,40.0,ghcnd,0.0,ghcnd,1010.6,isd_lite
1950,8,21.9,isd_lite,14.4,ghcnd isd_lite,31.7,ghcnd isd_lite,11.1,ghcnd isd_lite,42.2,ghcnd isd_lite,,,1012.0,isd_lite
1950,9,20.3,isd_lite,14.2,ghcnd,28.1,ghcnd,10.0,ghcnd,42.2,ghcnd,0.6,ghcnd,1012.6,isd_lite
1950,10,17.7,isd_lite,12.1,ghcnd isd_lite,24.4,ghcnd isd_lite,6.1,ghcnd isd_lite,34.4,ghcnd isd_lite,,,1014.4,isd_lite
1950,11,14.6,isd_lite,10.2,ghcnd,19.4,ghcnd,5.0,ghcnd,27.8,ghcnd,125.8,ghcnd,1017.9,isd_lite
1950,12,10.6,isd_lite,8.4,ghcnd,13.3,ghcnd,4.4,ghcnd,20.0,ghcnd,127.1,ghcnd,1019.9,isd_lite
1951,1,7.6,isd_lite,4.4,ghcnd,11.1,ghcnd,-1.1,ghcnd,16.1,ghcnd,41.7,ghcnd,1020.8,isd_lite
1951,2,9.6,isd_lite,5.9,ghcnd,14.2,ghcnd,-0.6,ghcnd,20.0,ghcnd,49.4,ghcnd,1018.8,isd_lite
1951,3,12.2,isd_lite,6.7,ghcnd,18.3,ghcnd,1.1,ghcnd,25.6,ghcnd,31.6,ghcnd,1017.6,isd_lite
1951,4,12.5,isd_lite,8.4,ghcnd,18.3,ghcnd,5.6,ghcnd,32.2,ghcnd,19.6,ghcnd,1013.8,isd_lite
1951,5,16.4,isd_lite,11.0,ghcnd isd_lite,22.9,ghcnd isd_lite,7.2,ghcnd isd_lite,36.1,ghcnd isd_lite,,,1013.8,isd_lite
1951,6,17.0,isd_lite,11.7,ghcnd,24.6,ghcnd,8.3,ghcnd,30.6,ghcnd,0.0,ghcnd,1011.5,isd_lite
1951,7,19.1,isd_lite,12.7,ghcnd,28.1,ghcnd,10.0,ghcnd,38.9,ghcnd,0.0,ghcnd,1011.5,isd_lite
1951,8,19.0,isd_lite,13.2,ghcnd,27.8,ghcnd,11.1,ghcnd,39.4,ghcnd,0.0,ghcnd,1011.4,isd_lite
1951,9,19.0,isd_lite,13.1,ghcnd,27.6,ghcnd,10.6,ghcnd,39.4,ghcnd,1.3,ghcnd,1011.3,isd_lite
1951,10,16.9,isd_lite,11.2,ghcnd,23.8,ghcnd,7.2,ghcnd,32.2,ghcnd,28.2,ghcnd,1016.0,isd_lite
1951,11,12.3,isd_lite,8.0,ghcnd,17.3,ghcnd,2.8,ghcnd,25.6,ghcnd,102.1,ghcnd,1017.5,isd_lite
1951,12,7.6,isd_lite,4.3,ghcnd,11.2,ghcnd,-0.6,ghcnd,17.2,ghcnd,132.3,ghcnd,1019.1,isd_lite
1952,1,6.7,isd_lite,3.9,ghcnd,10.0,ghcnd,-1.7,ghcnd,15.6,ghcnd,206.5,ghcnd,1019.0,isd_lite
1952,2,9.9,isd_lite,6.0,ghcnd,14.3,ghcnd,1.7,ghcnd,19.4,ghcnd,36.6,ghcnd,1020.0,isd_lite
1952,3,11.0,isd_lite,6.7,ghcnd,15.7,ghcnd,2.2,ghcnd,27.8,ghcnd,69.0,ghcnd,1015.4,isd_lite
1952,4,14.0,isd_lite,8.8,ghcnd,20.1,ghcnd,5.0,ghcnd,28.3,ghcnd,20.4,ghcnd,1015.3,isd_lite
1952,5,17.4,isd_lite,10.8,ghcnd,25.5,ghcnd,5.6,ghcnd,35.0,ghcnd,2.5,ghcnd,1014.7,isd_lite
1952,6,16.5,isd_lite,11.1,ghcnd,23.4,ghcnd,7.2,ghcnd,35.0,ghcnd,12.6,ghcnd,1013.2,isd_lite
1952,7,20.3,isd_lite,13.9,ghcnd,29.4,ghcnd,11.7,ghcnd,37.2,ghcnd,0.0,ghcnd,1012.7,isd_lite
1952,8,20.0,isd_lite,13.3,ghcnd,29.6,ghcnd,10.6,ghcnd,37.8,ghcnd,0.0,ghcnd,1012.5,isd_lite
1952,9,21.2,isd_lite,14.6,ghcnd,30.1,ghcnd,11.1,ghcnd,41.1,ghcnd,0.0,ghcnd,1012.4,isd_lite
1952,10,17.4,isd_lite,11.9,ghcnd,25.6,ghcnd,8.9,ghcnd,38.3,ghcnd,0.3,ghcnd,1016.3,isd_lite
1952,11,11.2,isd_lite,6.0,ghcnd,17.3,ghcnd,0.6,ghcnd,27.2,ghcnd,45.8,ghcnd,1017.2,isd_lite
1952,12,8.6,isd_lite,6.1,ghcnd,11.3,ghcnd,2.8,ghcnd,16.1,ghcnd,167.6,ghcnd,1019.0,isd_lite
1953,1,10.6,isd_lite,7.4,ghcnd,14.4,ghcnd,1.7,ghcnd,19.4,ghcnd,60.8,ghcnd,1023.1,isd_lite
1953,2,11.0,isd_lite,6.0,ghcnd,16.8,ghcnd,2.8,ghcnd,20.6,ghcnd,1.5,ghcnd,1022.5,isd_lite
1953,3,11.4,isd_lite,6.2,ghcnd,17.4,ghcnd,2.2,ghcnd,25.6,ghcnd,42.5,ghcnd,1018.3,isd_lite
1953,4,13.0,isd_lite,8.2,ghcnd,18.9,ghcnd,2.8,ghcnd,25.6,ghcnd,58.7,ghcnd,1014.9,isd_lite
1953,5,14.9,isd_lite,9.5,ghcnd,20.6,ghcnd,5.6,ghcnd,28.9,ghcnd,9.9,ghcnd,1016.1,isd_lite
1953,6,18.1,isd_lite,12.1,ghcnd,24.9,ghcnd,8.9,ghcnd,35.0,ghcnd,7.9,ghcnd,1014.1,isd_lite
1953,7,21.3,isd_lite,13.8,ghcnd,31.1,ghcnd,10.6,ghcnd,38.3,ghcnd,0.0,ghcnd,1012.0,isd_lite
1953,8,19.2,isd_lite,13.7,ghcnd,26.7,ghcnd,11.7,ghcnd,36.1,ghcnd,0.0,ghcnd,1013.6,isd_lite
1953,9,20.4,isd_lite,14.9,ghcnd,28.5,ghcnd,12.2,ghcnd,40.6,ghcnd,0.0,ghcnd,1012.7,isd_lite
1953,10,17.1,isd_lite,10.6,ghcnd,24.7,ghcnd,6.7,ghcnd,35.0,ghcnd,5.8,ghcnd,1016.4,isd_lite
1953,11,12.1,isd_lite,8.6,ghcnd,16.3,ghcnd,3.3,ghcnd,24.4,ghcnd,50.7,ghcnd,1019.3,isd_lite
1953,12,10.0,isd_lite,4.9,ghcnd,15.4,ghcnd,1.1,ghcnd,20.6,ghcnd,9.7,ghcnd,1024.2,isd_lite
1954,1,8.6,isd_lite,4.8,ghcnd,12.6,ghcnd,0.6,ghcnd,17.8,ghcnd,73.2,ghcnd,1019.0,isd_lite
1954,2,9.7,isd_lite,5.7,ghcnd,13.9,ghcnd,0.6,ghcnd,23.3,ghcnd,63.8,ghcnd,1021.0,isd_lite
1954,3,10.2,isd_lite,6.4,ghcnd,14.9,ghcnd,2.2,ghcnd,23.3,ghcnd,73.8,ghcnd,1016.0,isd_lite
1954,4,15.4,isd_lite,10.5,ghcnd,21.5,ghcnd,5.6,ghcnd,32.2,ghcnd,36.9,ghcnd,1016.8,isd_lite
1954,5,16.5,isd_lite,10.7,ghcnd,23.8,ghcnd,8.3,ghcnd,33.3,ghcnd,6.4,ghcnd,1012.4,isd_lite
1954,6,19.3,isd_lite,13.1,ghcnd,26.3,ghcnd,8.9,ghcnd,41.7,ghcnd,0.3,ghcnd,1012.4,isd_lite
1954,7,21.3,isd_lite,14.3,ghcnd,30.4,ghcnd,11.7,ghcnd,41.7,ghcnd,0.0,ghcnd,1011.8,isd_lite
1954,8,18.2,isd_lite,12.9,ghcnd,26.2,ghcnd,10.6,ghcnd,35.0,ghcnd,2.5,ghcnd,1013.3,isd_lite
1954,9,19.2,isd_lite,13.0,ghcnd,27.2,ghcnd,10.0,ghcnd,35.6,ghcnd,0.0,ghcnd,1012.2,isd_lite
1954,10,16.9,isd_lite,11.1,ghcnd,24.3,ghcnd,4.4,ghcnd,31.7,ghcnd,0.8,ghcnd,1016.1,isd_lite
1954,11,11.1,isd_lite,7.2,ghcnd,15.3,ghcnd,-1.1,ghcnd,22.2,ghcnd,66.3,ghcnd,1020.2,isd_lite
1954,12,6.6,isd_lite,3.8,ghcnd,9.6,ghcnd,0.6,ghcnd,16.7,ghcnd,85.5,ghcnd,1022.7,isd_lite
1955,1,5.8,isd_lite,2.7,ghcnd,9.6,ghcnd,-2.8,ghcnd,13.9,ghcnd,61.8,ghcnd,1020.9,isd_lite
1955,2,9.3,isd_lite,4.4,ghcnd,14.9,ghcnd,-0.6,ghcnd,18.3,ghcnd,36.8,ghcnd,1021.8,isd_lite
1955,3,12.0,isd_lite,6.4,ghcnd,18.3,ghcnd,1.1,ghcnd,26.1,ghcnd,15.4,ghcnd,1019.3,isd_lite
1955,4,11.4,isd_lite,6.9,ghcnd,16.8,ghcnd,3.3,ghcnd,23.9,ghcnd,49.1,ghcnd,1017.0,isd_lite
1955,5,16.9,isd_lite,10.9,ghcnd,23.8,ghcnd,7.2,ghcnd,35.0,ghcnd,9.1,ghcnd,1013.7,isd_lite
1955,6,18.0,isd_lite,12.1,ghcnd,25.2,ghcnd,9.4,ghcnd,35.0,ghcnd,0.0,ghcnd,1013.3,isd_lite
1955,7,19.4,isd_lite,12.8,ghcnd,28.0,ghcnd,10.6,ghcnd,36.7,ghcnd,0.0,ghcnd,1011.0,isd_lite
1955,8,19.9,isd_lite,12.7,ghcnd,30.6,ghcnd,10.0,ghcnd,38.9,ghcnd,0.0,ghcnd,1011.0,isd_lite
1955,9,20.2,isd_lite,13.1,ghcnd,29.9,ghcnd,8.9,ghcnd,43.3,ghcnd,10.7,ghcnd,1011.2,isd_lite
1955,10,16.7,isd_lite,10.8,ghcnd,24.5,ghcnd,6.1,ghcnd,32.2,ghcnd,2.3,ghcnd,1016.0,isd_lite
1955,11,12.0,isd_lite,7.3,ghcnd,17.4,ghcnd,2.8,ghcnd,31.1,ghcnd,45.0,ghcnd,1018.8,isd_lite
1955,12,9.8,isd_lite,7.0,ghcnd,12.9,ghcnd,1.7,ghcnd,17.2,ghcnd,301.6,ghcnd,1018.0,isd_lite
1956,1,9.0,isd_lite,6.4,ghcnd,11.8,ghcnd,1.7,ghcnd,14.4,ghcnd,163.6,ghcnd,1018.0,isd_lite
1956,2,8.9,isd_lite,4.3,ghcnd,13.9,ghcnd,-0.6,ghcnd,17.2,ghcnd,28.0,ghcnd,1020.0,isd_lite
1956,3,11.8,isd_lite,6.9,ghcnd,17.7,ghcnd,1.1,ghcnd,25.0,ghcnd,6.6,ghcnd,1020.8,isd_lite
1956,4,13.6,isd_lite,8.8,ghcnd,19.5,ghcnd,4.4,ghcnd,27.2,ghcnd,25.4,ghcnd,1015.1,isd_lite
1956,5,16.2,isd_lite,11.1,ghcnd,22.3,ghcnd,7.8,ghcnd,34.4,ghcnd,9.9,ghcnd,1014.7,isd_lite
1956,6,20.0,isd_lite,13.5,ghcnd,27.6,ghcnd,10.0,ghcnd,39.4,ghcnd,0.8,ghcnd,1013.1,isd_lite
1956,7,19.3,isd_lite,13.3,ghcnd,27.9,ghcnd,11.1,ghcnd,37.2,ghcnd,0.0,ghcnd,1013.2,isd_lite
1956,8,19.3,isd_lite,13.5,ghcnd,27.8,ghcnd,11.7,ghcnd,35.6,ghcnd,0.0,ghcnd,1013.7,isd_lite
1956,9,20.1,isd_lite,13.6,ghcnd,28.6,ghcnd,11.7,ghcnd,33.9,ghcnd,11.7,ghcnd,1013.5,isd_lite
1956,10,15.9,isd_lite,11.1,ghcnd,22.3,ghcnd,5.0,ghcnd,30.0,ghcnd,28.3,ghcnd,1016.5,isd_lite
1956,11,12.7,isd_lite,6.4,ghcnd,20.2,ghcnd,2.2,ghcnd,25.6,ghcnd,2.5,ghcnd,1022.5,isd_lite
1956,12,7.7,isd_lite,2.1,ghcnd,14.3,ghcnd,-2.2,ghcnd,20.6,ghcnd,7.1,ghcnd,1023.6,isd_lite
1957,1,7.0,isd_lite,2.6,ghcnd,11.6,ghcnd,-2.8,ghcnd,15.6,ghcnd,58.4,ghcnd,1019.4,isd_lite
1957,2,11.2,isd_lite,8.0,ghcnd,14.9,ghcnd,0.0,ghcnd,23.9,ghcnd,111.1,ghcnd,1017.6,isd_lite
1957,3,12.3,isd_lite,8.3,ghcnd,17.0,ghcnd,4.4,ghcnd,23.3,ghcnd,29.4,ghcnd,1018.0,isd_lite
1957,4,15.2,isd_lite,10.2,ghcnd,20.9,ghcnd,6.1,ghcnd,32.2,ghcnd,33.3,ghcnd,1015.5,isd_lite
1957,5,16.2,isd_lite,11.7,ghcnd,21.5,ghcnd,8.3,ghcnd,33.3,ghcnd,35.1,ghcnd,1013.1,isd_lite
1957,6,21.8,isd_lite,14.9,ghcnd,29.8,ghcnd,12.2,ghcnd,40.6,ghcnd,0.0,ghcnd,1011.6,isd_lite
1957,7,21.7,isd_lite,15.0,ghcnd,30.1,ghcnd,12.8,ghcnd,37.2,ghcnd,0.0,ghcnd,1011.9,isd_lite
1957,8,20.5,isd_lite,14.3,ghcnd,28.9,ghcnd,11.1,ghcnd,37.8,ghcnd,0.0,ghcnd,1013.3,isd_lite
1957,9,20.3,isd_lite,14.6,ghcnd,27.8,ghcnd,12.2,ghcnd,40.0,ghcnd,11.2,ghcnd,1012.5,isd_lite
1957,10,16.2,isd_lite,12.1,ghcnd,21.1,ghcnd,8.3,ghcnd,26.7,ghcnd,71.5,ghcnd,1014.4,isd_lite
1957,11,11.9,isd_lite,6.9,ghcnd,17.2,ghcnd,2.2,ghcnd,22.2,ghcnd,5.5,ghcnd,1020.2,isd_lite
1957,12,7.9,isd_lite,4.8,ghcnd,11.3,ghcnd,1.1,ghcnd,18.3,ghcnd,89.3,ghcnd,1021.8,isd_lite
1958,1,8.0,isd_lite,4.3,ghcnd,11.6,ghcnd,0.0,ghcnd,17.8,ghcnd,111.0,ghcnd,1021.0,isd_lite
1958,2,12.2,isd_lite,9.3,ghcnd,15.3,ghcnd,4.4,ghcnd,19.4,ghcnd,169.1,ghcnd,1015.1,isd_lite
1958,3,10.5,isd_lite,6.5,ghcnd,14.7,ghcnd,2.2,ghcnd,18.3,ghcnd,132.9,ghcnd,1012.6,isd_lite
1958,4,14.7,isd_lite,9.8,ghcnd,20.3,ghcnd,5.0,ghcnd,26.7,ghcnd,95.0,ghcnd,1015.6,isd_lite
1958,5,17.2,isd_lite,12.2,ghcnd,23.7,ghcnd,8.9,ghcnd,32.8,ghcnd,14.0,ghcnd,1013.8,isd_lite
1958,6,19.4,isd_lite,14.3,ghcnd,25.6,ghcnd,12.8,ghcnd,34.4,ghcnd,2.3,ghcnd,1012.2,isd_lite
1958,7,19.6,isd_lite,13.9,ghcnd,27.9,ghcnd,12.2,ghcnd,35.6,ghcnd,1.0,ghcnd,,
1958,8,22.0,isd_lite,15.4,ghcnd,31.0,ghcnd,13.3,ghcnd,36.7,ghcnd,0.0,ghcnd,,
1958,9,22.7,isd_lite,16.0,ghcnd,30.9,ghcnd,11.7,ghcnd,38.3,ghcnd,0.3,ghcnd,,
1958,10,19.3,isd_lite,13.3,ghcnd,26.8,ghcnd,10.0,ghcnd,36.7,ghcnd,0.5,ghcnd,,
1958,11,13.8,isd_lite,8.5,ghcnd,19.8,ghcnd,0.0,ghcnd,26.1,ghcnd,0.3,ghcnd,,
1958,12,11.3,isd_lite,6.2,ghcnd,17.3,ghcnd,1.1,ghcnd,24.4,ghcnd,18.1,ghcnd,,
1959,1,10.1,isd_lite,6.5,ghcnd,13.8,ghcnd,0.0,ghcnd,18.9,ghcnd,127.1,ghcnd,,
1959,2,10.2,isd_lite,6.0,ghcnd,14.7,ghcnd,1.7,ghcnd,21.7,ghcnd,118.9,ghcnd,,
1959,3,14.5,isd_lite,8.7,ghcnd,20.8,ghcnd,6.1,ghcnd,24.4,ghcnd,19.6,ghcnd,,
1959,4,16.4,isd_lite,10.6,ghcnd,23.3,ghcnd,7.8,ghcnd,29.4,ghcnd,3.0,ghcnd,,
1959,5,16.9,isd_lite,11.2,ghcnd,23.2,ghcnd,7.2,ghcnd,32.8,ghcnd,3.6,ghcnd,,
1959,6,20.9,isd_lite,14.1,ghcnd,29.0,ghcnd,10.6,ghcnd,37.8,ghcnd,0.0,ghcnd,,
1959,7,21.8,isd_lite,14.5,ghcnd,31.4,ghcnd,11.7,ghcnd,40.6,ghcnd,0.0,ghcnd,,
1959,8,20.7,isd_lite,14.4,ghcnd,29.0,ghcnd,12.2,ghcnd,39.4,ghcnd,0.0,ghcnd,,
1959,9,19.9,isd_lite,14.5,ghcnd,26.9,ghcnd,11.7,ghcnd,35.0,ghcnd,70.4,ghcnd,,
1959,10,19.5,isd_lite,13.7,ghcnd,26.4,ghcnd,8.9,ghcnd,33.3,ghcnd,0.0,ghcnd,,
1959,11,13.5,isd_lite,7.2,ghcnd,21.1,ghcnd,3.9,ghcnd,26.1,ghcnd,0.0,ghcnd,,
1959,12,9.2,isd_lite,3.8,ghcnd,15.1,ghcnd,-0.6,ghcnd,22.8,ghcnd,45.7,ghcnd,,
1960,1,8.3,isd_lite,4.6,ghcnd,11.9,ghcnd,-3.3,ghcnd,16.7,ghcnd,85.5,ghcnd,,
1960,2,11.0,isd_lite,6.9,ghcnd,15.3,ghcnd,3.3,ghcnd,18.9,ghcnd,97.5,ghcnd,,
1960,3,13.0,isd_lite,8.9,ghcnd,17.8,ghcnd,5.0,ghcnd,27.2,ghcnd,51.8,ghcnd,,
1960,4,14.3,isd_lite,9.1,ghcnd,20.3,ghcnd,4.4,ghcnd,29.4,ghcnd,21.3,ghcnd,,
1960,5,16.4,isd_lite,10.6,ghcnd,23.1,ghcnd,5.0,ghcnd,33.9,ghcnd,13.4,ghcnd,,
1960,6,21.1,isd_lite,14.5,ghcnd,29.0,ghcnd,11.1,ghcnd,41.1,ghcnd,0.0,ghcnd,,
1960,7,21.1,isd_lite,14.2,ghcnd,30.6,ghcnd,11.1,ghcnd,40.6,ghcnd,0.0,ghcnd,,
1960,8,20.2,isd_lite,13.5,ghcnd,29.7,ghcnd,11.1,ghcnd,37.8,ghcnd,0.0,ghcnd,,
1960,9,19.5,isd_lite,13.1,ghcnd,28.4,ghcnd,10.0,ghcnd,36.1,ghcnd,0.0,ghcnd,,
1960,10,17.0,isd_lite,11.7,ghcnd,23.8,ghcnd,8.3,ghcnd,28.3,ghcnd,2.8,ghcnd,,
1960,11,11.4,isd_lite,7.4,ghcnd,15.9,ghcnd,0.0,ghcnd,27.8,ghcnd,85.9,ghcnd,,
1960,12,7.8,isd_lite,4.1,ghcnd,11.2,ghcnd,-1.7,ghcnd,17.2,ghcnd,29.7,ghcnd,,
1961,1,5.5,isd_lite,2.8,ghcnd,8.5,ghcnd,-5.0,ghcnd,16.1,ghcnd,106.7,ghcnd,,
1961,2,11.7,isd_lite,7.4,ghcnd,16.6,ghcnd,3.9,ghcnd,21.1,ghcnd,18.4,ghcnd,,
1961,3,11.7,isd_lite,7.8,ghcnd,16.5,ghcnd,3.3,ghcnd,25.0,ghcnd,45.5,ghcnd,,
1961,4,15.0,isd_lite,9.2,ghcnd,21.5,ghcnd,3.9,ghcnd,30.6,ghcnd,16.0,ghcnd,,
1961,5,14.8,isd_lite,10.0,ghcnd,20.5,ghcnd,6.7,ghcnd,25.6,ghcnd,6.1,ghcnd,,
1961,6,21.0,isd_lite,14.0,ghcnd,29.6,ghcnd,10.6,ghcnd,43.3,ghcnd,0.0,ghcnd,,
1961,7,22.5,isd_lite,15.3,ghcnd,31.4,ghcnd,11.7,ghcnd,42.2,ghcnd,0.0,ghcnd,,
1961,8,21.0,isd_lite,15.0,ghcnd,29.5,ghcnd,11.7,ghcnd,36.1,ghcnd,1.1,ghcnd,,
1961,9,19.9,isd_lite,13.8,ghcnd,27.5,ghcnd,11.1,ghcnd,35.0,ghcnd,3.3,ghcnd,,
1961,10,17.6,isd_lite,11.8,ghcnd,24.4,ghcnd,6.7,ghcnd,35.0,ghcnd,10.4,ghcnd,,
1961,11,11.8,isd_lite,6.9,ghcnd,17.3,ghcnd,2.8,ghcnd,25.6,ghcnd,49.9,ghcnd,,
1961,12,7.5,isd_lite,4.6,ghcnd,10.8,ghcnd,0.6,ghcnd,15.6,ghcnd,61.2,ghcnd,,
1962,1,6.2,isd_lite,1.9,ghcnd,11.5,ghcnd,-3.3,ghcnd,25.6,ghcnd,22.7,ghcnd,,
1962,2,8.4,isd_lite,5.4,ghcnd,12.2,ghcnd,0.0,ghcnd,16.7,ghcnd,211.0,ghcnd,,
1962,3,10.6,isd_lite,6.6,ghcnd,15.5,ghcnd,2.8,ghcnd,22.2,ghcnd,61.2,ghcnd,,
1962,4,15.7,isd_lite,9.9,ghcnd,22.5,ghcnd,6.1,ghcnd,30.0,ghcnd,3.5,ghcnd,,
1962,5,15.6,isd_lite,10.4,ghcnd,22.1,ghcnd,7.8,ghcnd,29.4,ghcnd,0.0,ghcnd,,
1962,6,19.3,isd_lite,12.2,ghcnd,28.1,ghcnd,9.4,ghcnd,38.9,ghcnd,0.0,ghcnd,,
1962,7,19.7,isd_lite,12.3,ghcnd,30.1,ghcnd,11.1,ghcnd,37.8,ghcnd,0.0,ghcnd,,
1962,8,20.8,isd_lite,13.8,ghcnd,30.2,ghcnd,11.1,ghcnd,37.2,ghcnd,0.3,ghcnd,,
1962,9,18.6,isd_lite,12.5,ghcnd,27.7,ghcnd,11.1,ghcnd,36.7,ghcnd,0.3,ghcnd,,
1962,10,15.8,isd_lite,11.0,ghcnd,21.5,ghcnd,8.3,ghcnd,32.2,ghcnd,120.5,ghcnd,,
1962,11,12.0,isd_lite,6.6,ghcnd,17.6,ghcnd,0.6,ghcnd,23.9,ghcnd,12.2,ghcnd,,
1962,12,7.2,isd_lite,3.7,ghcnd,11.0,ghcnd,-5.0,ghcnd,16.1,ghcnd,62.3,ghcnd,,
1963,1,4.3,isd_lite,-0.5,ghcnd,10.1,ghcnd,-5.6,ghcnd,16.7,ghcnd,115.9,ghcnd,,
1963,2,12.6,isd_lite,8.5,ghcnd,17.4,ghcnd,2.8,ghcnd,21.7,ghcnd,71.9,ghcnd,,
1963,3,10.0,isd_lite,4.6,ghcnd,15.3,ghcnd,0.0,ghcnd,20.6,ghcnd,116.8,ghcnd,,
1963,4,11.0,isd_lite,6.5,ghcnd,15.7,ghcnd,0.6,ghcnd,21.7,ghcnd,104.6,ghcnd,,
1963,5,15.0,isd_lite,10.0,ghcnd,20.9,ghcnd,4.4,ghcnd,30.6,ghcnd,18.4,ghcnd,,
1963,6,18.6,isd_lite,12.0,ghcnd,27.0,ghcnd,9.4,ghcnd,36.7,ghcnd,1.0,ghcnd,,
1963,7,20.5,isd_lite,13.2,ghcnd,29.7,ghcnd,10.6,ghcnd,37.8,ghcnd,0.0,ghcnd,,
1963,8,21.1,isd_lite,14.2,ghcnd,30.2,ghcnd,12.2,ghcnd,37.2,ghcnd,0.0,ghcnd,,
1963,9,20.9,isd_lite,14.3,ghcnd,29.3,ghcnd,10.6,ghcnd,37.8,ghcnd,5.8,ghcnd,,
1963,10,16.3,isd_lite,11.1,ghcnd,22.8,ghcnd,5.0,ghcnd,35.0,ghcnd,26.2,ghcnd,,
1963,11,10.4,isd_lite,6.2,ghcnd,14.6,ghcnd,0.0,ghcnd,20.6,ghcnd,93.3,ghcnd,,
1963,12,4.5,isd_lite,2.1,ghcnd,7.2,ghcnd,-2.8,ghcnd,12.2,ghcnd,11.2,ghcnd,,
1964,1,6.8,isd_lite,1.9,ghcnd,11.6,ghcnd,-2.2,ghcnd,16.7,ghcnd,78.7,ghcnd,,
1964,2,9.9,isd_lite,2.8,ghcnd,16.7,ghcnd,-1.7,ghcnd,24.4,ghcnd,0.8,ghcnd,,
1964,3,11.0,isd_lite,5.3,ghcnd,16.8,ghcnd,0.0,ghcnd,25.0,ghcnd,41.8,ghcnd,,
1964,4,13.3,isd_lite,6.5,ghcnd,20.8,ghcnd,-1.1,ghcnd,30.6,ghcnd,4.3,ghcnd,,
1964,5,14.6,isd_lite,8.5,ghcnd,22.2,ghcnd,3.9,ghcnd,30.6,ghcnd,5.1,ghcnd,,
1964,6,18.4,isd_lite,11.9,ghcnd,26.1,ghcnd,8.9,ghcnd,38.3,ghcnd,22.5,ghcnd,,
1964,7,20.3,isd_lite,13.3,ghcnd,29.5,ghcnd,10.6,ghcnd,38.9,ghcnd,0.8,ghcnd,,
1964,8,20.4,isd_lite,13.7,ghcnd,29.9,ghcnd,11.7,ghcnd,37.2,ghcnd,0.8,ghcnd,,
1964,9,19.3,isd_lite,12.2,ghcnd,27.7,ghcnd,7.2,ghcnd,37.2,ghcnd,0.0,ghcnd,,
1964,10,17.1,isd_lite,10.7,ghcnd,25.1,ghcnd,7.2,ghcnd,33.3,ghcnd,36.8,ghcnd,,
1964,11,9.7,isd_lite,5.5,ghcnd,13.8,ghcnd,-3.3,ghcnd,21.7,ghcnd,61.0,ghcnd,,
1964,12,9.6,isd_lite,5.9,ghcnd,12.9,ghcnd,-2.2,ghcnd,17.2,ghcnd,109.3,ghcnd,,
1965,1,7.3,isd_lite,4.5,ghcnd,10.3,ghcnd,-2.8,ghcnd,15.6,ghcnd,89.4,ghcnd,,
1965,2,9.1,isd_lite,3.6,ghcnd,14.6,ghcnd,-0.6,ghcnd,20.0,ghcnd,17.8,ghcnd,,
1965,3,10.5,isd_lite,5.7,ghcnd,15.8,ghcnd,2.2,ghcnd,22.2,ghcnd,16.1,ghcnd,,
1965,4,12.7,isd_lite,7.6,ghcnd,18.2,ghcnd,1.7,ghcnd,30.6,ghcnd,51.2,ghcnd,,
1965,5,16.3,isd_lite,9.4,ghcnd,24.4,ghcnd,1.1,ghcnd,31.1,ghcnd,1.3,ghcnd,,
1965,6,16.2,isd_lite,10.6,ghcnd,23.6,ghcnd,8.3,ghcnd,33.3,ghcnd,0.0,ghcnd,,
1965,7,20.1,isd_lite,12.9,ghcnd,29.9,ghcnd,10.6,ghcnd,36.1,ghcnd,0.0,ghcnd,,
1965,8,21.0,isd_lite,14.4,ghcnd,30.1,ghcnd,12.8,ghcnd,36.1,ghcnd,,,,
1965,9,17.7,isd_lite,11.2,ghcnd,26.1,ghcnd,8.3,ghcnd,32.8,ghcnd,0.0,ghcnd,,
1965,10,17.9,isd_lite,10.9,ghcnd,26.8,ghcnd,7.8,ghcnd,33.3,ghcnd,1.0,ghcnd,,
1965,11,12.3,isd_lite,8.3,ghcnd,17.0,ghcnd,1.1,ghcnd,24.4,ghcnd,85.3,ghcnd,,
1965,12,5.3,isd_lite,1.9,ghcnd,9.0,ghcnd,-5.6,ghcnd,13.3,ghcnd,65.9,ghcnd,,
1966,1,7.5,isd_lite,2.7,ghcnd,12.9,ghcnd,-2.8,ghcnd,20.0,ghcnd,74.1,ghcnd,,
1966,2,8.8,isd_lite,3.4,ghcnd,14.0,ghcnd,-1.1,ghcnd,18.3,ghcnd,48.6,ghcnd,,
1966,3,11.3,isd_lite,6.0,ghcnd,17.3,ghcnd,-1.7,ghcnd,30.0,ghcnd,3.4,ghcnd,,
1966,4,15.8,isd_lite,9.3,ghcnd,23.3,ghcnd,4.4,ghcnd,30.6,ghcnd,8.1,ghcnd,,
1966,5,16.3,isd_lite,10.3,ghcnd,23.8,ghcnd,7.2,ghcnd,32.8,ghcnd,5.0,ghcnd,,
1966,6,20.2,isd_lite,12.7,ghcnd,28.7,ghcnd,6.7,ghcnd,41.7,ghcnd,2.8,ghcnd,,
1966,7,19.9,isd_lite,13.4,ghcnd,28.9,ghcnd,11.1,ghcnd,36.1,ghcnd,2.3,ghcnd,,
1966,8,20.9,isd_lite,13.7,ghcnd,31.2,ghcnd,11.1,ghcnd,39.4,ghcnd,1.5,ghcnd,,
1966,9,20.1,isd_lite,13.8,ghcnd,28.7,ghcnd,8.9,ghcnd,37.2,ghcnd,3.5,ghcnd,,
1966,10,16.7,isd_lite,9.9,ghcnd,24.8,ghcnd,6.1,ghcnd,31.1,ghcnd,0.0,ghcnd,,
1966,11,12.0,isd_lite,7.9,ghcnd,16.9,ghcnd,0.0,ghcnd,27.8,ghcnd,142.5,ghcnd,,
1966,12,7.4,isd_lite,4.5,ghcnd,10.4,ghcnd,-2.8,ghcnd,16.7,ghcnd,96.4,ghcnd,,
1967,1,7.6,isd_lite,3.8,ghcnd,12.0,ghcnd,-1.1,ghcnd,18.9,ghcnd,208.3,ghcnd,,
1967,2,8.6,isd_lite,4.1,ghcnd,13.7,ghcnd,0.0,ghcnd,22.2,ghcnd,11.1,ghcnd,,
1967,3,9.9,isd_lite,5.0,ghcnd,14.9,ghcnd,1.1,ghcnd,20.0,ghcnd,96.2,ghcnd,,
1967,4,8.8,isd_lite,4.1,ghcnd,13.4,ghcnd,-0.6,ghcnd,16.7,ghcnd,93.3,ghcnd,,
1967,5,17.2,isd_lite,10.7,ghcnd,24.7,ghcnd,5.0,ghcnd,33.3,ghcnd,3.1,ghcnd,,
1967,6,18.2,isd_lite,12.8,ghcnd,25.7,ghcnd,10.6,ghcnd,35.6,ghcnd,30.9,ghcnd,,
1967,7,22.4,isd_lite,15.3,ghcnd,32.2,ghcnd,12.8,ghcnd,38.9,ghcnd,0.0,ghcnd,,
1967,8,23.1,isd_lite,15.5,ghcnd,33.7,ghcnd,12.2,ghcnd,41.1,ghcnd,0.0,ghcnd,,
1967,9,21.9,isd_lite,15.7,ghcnd,30.6,ghcnd,13.3,ghcnd,36.1,ghcnd,0.8,ghcnd,,
1967,10,18.2,isd_lite,10.7,ghcnd,26.8,ghcnd,7.2,ghcnd,30.6,ghcnd,9.4,ghcnd,,
1967,11,12.8,isd_lite,7.7,ghcnd,19.2,ghcnd,1.1,ghcnd,31.7,ghcnd,26.3,ghcnd,,
1967,12,6.1,isd_lite,0.6,ghcnd,11.8,ghcnd,-4.4,ghcnd,22.2,ghcnd,36.3,ghcnd,,
1968,1,5.4,isd_lite,0.4,ghcnd,11.1,ghcnd,-7.2,ghcnd,19.4,ghcnd,100.9,ghcnd,,
1968,2,12.4,isd_lite,8.4,ghcnd,17.0,ghcnd,1.7,ghcnd,22.8,ghcnd,54.4,ghcnd,,
1968,3,12.8,isd_lite,7.2,ghcnd,19.0,ghcnd,2.8,ghcnd,26.7,ghcnd,39.6,ghcnd,,
1968,4,15.3,isd_lite,8.2,ghcnd,22.8,ghcnd,4.4,ghcnd,30.0,ghcnd,6.1,ghcnd,,
1968,5,16.7,isd_lite,10.4,ghcnd isd_lite,24.4,ghcnd isd_lite,3.9,ghcnd isd_lite,33.3,ghcnd isd_lite,,,,
1968,6,21.5,isd_lite,14.0,ghcnd,30.7,ghcnd,11.1,ghcnd,38.9,ghcnd,0.0,ghcnd,,
1968,7,21.6,isd_lite,14.6,ghcnd,31.6,ghcnd,12.8,ghcnd,40.0,ghcnd,0.0,ghcnd,,
1968,8,21.2,isd_lite,15.1,ghcnd,29.7,ghcnd,10.0,ghcnd,38.9,ghcnd,4.6,ghcnd,,
1968,9,21.2,isd_lite,14.5,ghcnd,29.7,ghcnd,8.9,ghcnd,36.1,ghcnd,0.0,ghcnd,,
1968,10,16.5,isd_lite,10.2,ghcnd,24.3,ghcnd,5.0,ghcnd,30.6,ghcnd,8.1,ghcnd,,
1968,11,11.6,isd_lite,7.5,ghcnd,16.0,ghcnd,0.6,ghcnd,21.7,ghcnd,80.1,ghcnd,,
1968,12,5.9,isd_lite,2.0,ghcnd,10.1,ghcnd,-3.9,ghcnd,15.0,ghcnd,99.0,ghcnd,,
1969,1,6.4,isd_lite,3.0,ghcnd,9.8,ghcnd,-3.3,ghcnd,16.7,ghcnd,198.2,ghcnd,,
1969,2,8.5,isd_lite,5.4,ghcnd,12.1,ghcnd,0.0,ghcnd,17.2,ghcnd,164.0,ghcnd,,
1969,3,11.1,isd_lite,5.5,ghcnd,16.9,ghcnd,1.1,ghcnd,25.0,ghcnd,18.3,ghcnd,,
1969,4,12.3,isd_lite,6.7,ghcnd,18.6,ghcnd,2.8,ghcnd,25.6,ghcnd,29.2,ghcnd,,
1969,5,16.9,isd_lite,10.4,ghcnd,24.7,ghcnd,5.0,ghcnd,33.3,ghcnd,0.0,ghcnd,,
1969,6,17.9,isd_lite,12.7,ghcnd,24.7,ghcnd,9.4,ghcnd,33.3,ghcnd,0.3,ghcnd,,
1969,7,20.7,isd_lite,13.4,ghcnd,30.7,ghcnd,11.1,ghcnd,37.8,ghcnd,0.0,ghcnd,,
1969,8,22.4,isd_lite,13.9,ghcnd,33.2,ghcnd,11.1,ghcnd,38.9,ghcnd,0.0,ghcnd,,
1969,9,20.4,isd_lite,13.7,ghcnd,29.6,ghcnd,10.6,ghcnd,39.4,ghcnd,0.0,ghcnd,,
1969,10,15.8,isd_lite,-13.2,ghcnd isd_lite,-16.2,ghcnd isd_lite,,,22.8,ghcnd isd_lite,,,,
1969,11,11.0,isd_lite,4.2,ghcnd,19.4,ghcnd,-2.8,ghcnd,26.7,ghcnd,7.9,ghcnd,,
1969,12,9.2,isd_lite,5.0,ghcnd,14.0,ghcnd,-2.2,ghcnd,18.3,ghcnd,144.6,ghcnd,,
1970,1,9.6,isd_lite,5.9,ghcnd,13.4,ghcnd,-4.4,ghcnd,17.8,ghcnd,218.7,ghcnd,,
1970,2,10.6,isd_lite,5.5,ghcnd,15.9,ghcnd,0.0,ghcnd,20.0,ghcnd,40.3,ghcnd,,
1970,3,12.9,isd_lite,6.7,ghcnd,18.7,ghcnd,1.1,ghcnd,26.1,ghcnd,29.1,ghcnd,,
1970,4,12.9,isd_lite,5.2,ghcnd,20.5,ghcnd,1.1,ghcnd,26.7,ghcnd,3.6,ghcnd,,
1970,5,18.0,isd_lite,10.5,ghcnd,26.2,ghcnd,6.1,ghcnd,36.7,ghcnd,0.0,ghcnd,,
1970,6,20.0,isd_lite,13.2,ghcnd,28.5,ghcnd,10.0,ghcnd,37.2,ghcnd,8.9,ghcnd,,
1970,7,23.3,isd_lite,15.8,ghcnd,33.5,ghcnd,13.3,ghcnd,42.8,ghcnd,0.0,ghcnd,,
1970,8,20.5,isd_lite,13.5,ghcnd,30.7,ghcnd,10.0,ghcnd,41.7,ghcnd,0.0,ghcnd,,
1970,9,21.0,isd_lite,12.4,ghcnd,30.7,ghcnd,8.3,ghcnd,36.7,ghcnd,12.7,ghcnd,,
1970,10,15.0,isd_lite,9.0,ghcnd,22.4,ghcnd,2.2,ghcnd,38.3,ghcnd,14.5,ghcnd,,
1970,11,13.1,isd_lite,8.2,ghcnd,18.1,ghcnd,3.9,ghcnd,25.0,ghcnd,189.0,ghcnd,,
1970,12,7.2,isd_lite,3.8,ghcnd,10.6,ghcnd,-2.2,ghcnd,15.0,ghcnd,118.6,ghcnd,,
1973,1,7.4,isd_lite,3.6,isd_lite,11.2,isd_lite,-4.0,isd_lite,16.0,isd_lite,,,,
1973,2,11.6,isd_lite,8.1,isd_lite,15.5,isd_lite,3.8,isd_lite,19.4,isd_lite,,,,
1973,3,11.5,isd_lite,7.1,isd_lite,16.0,isd_lite,2.2,isd_lite,20.0,isd_lite,,,,
1973,4,16.1,isd_lite,9.9,isd_lite,23.0,isd_lite,5.0,isd_lite,29.4,isd_lite,,,,
1973,5,17.9,isd_lite,11.8,isd_lite,25.7,isd_lite,8.3,isd_lite,35.5,isd_lite,,,,
1973,6,21.6,isd_lite,14.0,isd_lite,30.3,isd_lite,10.0,isd_lite,40.5,isd_lite,,,,
1973,7,21.1,isd_lite,14.1,isd_lite,30.6,isd_lite,11.1,isd_lite,40.5,isd_lite,,,,
1973,8,19.9,isd_lite,13.5,isd_lite,29.4,isd_lite,11.6,isd_lite,36.1,isd_lite,,,,
1973,9,19.6,isd_lite,13.2,isd_lite,27.5,isd_lite,10.5,isd_lite,34.4,isd_lite,,,,
1973,10,17.1,isd_lite,10.5,isd_lite,24.8,isd_lite,7.2,isd_lite,31.1,isd_lite,,,,
1973,11,12.1,isd_lite,8.7,isd_lite,16.1,isd_lite,3.3,isd_lite,21.6,isd_lite,,,,
1973,12,8.5,isd_lite,5.7,isd_lite,11.8,isd_lite,2.2,isd_lite,16.6,isd_lite,,,,
1974,1,8.9,isd_lite,5.1,isd_lite,12.9,isd_lite,-1.1,isd_lite,21.1,isd_lite,,,,
1974,2,9.6,isd_lite,4.4,isd_lite,15.2,isd_lite,1.1,isd_lite,19.4,isd_lite,,,,
1974,3,12.3,isd_lite,8.3,isd_lite,17.0,isd_lite,0.6,isd_lite,24.4,isd_lite,,,,
1974,4,13.8,isd_lite,8.1,isd_lite,19.8,isd_lite,3.9,isd_lite,28.3,isd_lite,,,,
1974,5,16.1,isd_lite,9.9,isd_lite,23.9,isd_lite,4.4,isd_lite,35.6,isd_lite,,,,
1974,6,19.8,isd_lite,13.1,isd_lite,28.2,isd_lite,10.6,isd_lite,36.1,isd_lite,,,,
1974,7,21.2,isd_lite,14.3,isd_lite,30.4,isd_lite,11.1,isd_lite,40.0,isd_lite,,,,
1974,8,20.8,isd_lite,14.1,isd_lite,30.1,isd_lite,12.2,isd_lite,37.2,isd_lite,,,,
1974,9,20.0,isd_lite,13.2,isd_lite,29.8,isd_lite,10.6,isd_lite,36.1,isd_lite,,,,
1974,10,17.6,isd_lite,11.1,isd_lite,25.6,isd_lite,7.2,isd_lite,35.6,isd_lite,,,,
1974,11,10.4,isd_lite,5.0,isd_lite,16.3,isd_lite,-1.0,isd_lite,21.1,isd_lite,,,,
1974,12,7.1,isd_lite,3.4,isd_lite,11.1,isd_lite,-3.2,isd_lite,18.9,isd_lite,,,,
1975,1,6.0,isd_lite,1.8,isd_lite,11.3,isd_lite,-3.8,isd_lite,18.3,isd_lite,,,,
1975,2,9.3,isd_lite,5.3,isd_lite,13.8,isd_lite,-0.5,isd_lite,21.1,isd_lite,,,,
1975,3,10.7,isd_lite,6.7,isd_lite,15.2,isd_lite,2.2,isd_lite,21.7,isd_lite,,,,
1975,4,10.9,isd_lite,6.0,isd_lite,16.2,isd_lite,1.1,isd_lite,22.8,isd_lite,,,,
1975,5,17.2,isd_lite,10.6,isd_lite,24.9,isd_lite,3.3,isd_lite,35.6,isd_lite,,,,
1975,6,18.8,isd_lite,12.6,isd_lite,26.8,isd_lite,8.3,isd_lite,37.2,isd_lite,,,,
1975,7,20.2,isd_lite,13.8,isd_lite,28.9,isd_lite,9.4,isd_lite,42.2,isd_lite,,,,
1975,8,20.7,isd_lite,14.5,isd_lite,29.3,isd_lite,12.2,isd_lite,38.9,isd_lite,,,,
1975,9,20.0,isd_lite,13.7,isd_lite,29.0,isd_lite,11.7,isd_lite,37.8,isd_lite,,,,
1975,10,16.6,isd_lite,11.2,isd_lite,23.2,isd_lite,5.0,isd_lite,31.1,isd_lite,,,,
1975,11,11.8,isd_lite,6.0,isd_lite,17.5,isd_lite,1.7,isd_lite,24.4,isd_lite,,,,
1975,12,8.0,isd_lite,3.2,isd_lite,13.8,isd_lite,-4.4,isd_lite,18.9,isd_lite,,,,
1976,1,7.4,isd_lite,0.9,isd_lite,15.1,isd_lite,-4.3,isd_lite,21.7,isd_lite,,,,
1976,2,10.0,isd_lite,5.2,isd_lite,15.3,isd_lite,1.1,isd_lite,21.1,isd_lite,,,,
1976,3,10.7,isd_lite,4.9,isd_lite,17.3,isd_lite,-2.1,isd_lite,26.1,isd_lite,,,,
1976,4,13.3,isd_lite,7.2,isd_lite,20.0,isd_lite,1.1,isd_lite,28.9,isd_lite,,,,
1976,5,17.8,isd_lite,11.1,isd_lite,25.7,isd_lite,8.9,isd_lite,35.6,isd_lite,,,,
1976,6,22.1,isd_lite,14.9,isd_lite,30.3,isd_lite,8.3,isd_lite,41.1,isd_lite,,,,
1976,7,21.8,isd_lite,15.7,isd_lite,30.3,isd_lite,12.8,isd_lite,36.1,isd_lite,,,,
1976,8,20.2,isd_lite,14.3,isd_lite,27.9,isd_lite,11.7,isd_lite,37.8,isd_lite,,,,
1976,9,19.9,isd_lite,14.2,isd_lite,27.6,isd_lite,11.1,isd_lite,37.8,isd_lite,,,,
1976,10,19.2,isd_lite,12.8,isd_lite,26.8,isd_lite,6.7,isd_lite,33.9,isd_lite,,,,
1976,11,13.8,isd_lite,9.0,isd_lite,19.7,isd_lite,0.0,isd_lite,29.4,isd_lite,,,,
1976,12,8.1,isd_lite,2.0,isd_lite,15.6,isd_lite,-2.1,isd_lite,21.7,isd_lite,,,,
1977,1,6.2,isd_lite,2.7,isd_lite,10.3,isd_lite,-2.1,isd_lite,17.2,isd_lite,,,,
1977,2,10.9,isd_lite,5.3,isd_lite,17.2,isd_lite,0.6,isd_lite,25.0,isd_lite,,,,
1977,3,11.3,isd_lite,5.6,isd_lite,17.1,isd_lite,1.1,isd_lite,24.4,isd_lite,,,,
1977,4,16.9,isd_lite,9.9,isd_lite,25.0,isd_lite,3.9,isd_lite,30.0,isd_lite,,,,
1977,5,14.9,isd_lite,9.7,isd_lite,21.0,isd_lite,4.4,isd_lite,32.2,isd_lite,,,,
1977,6,20.0,isd_lite,13.7,isd_lite,28.7,isd_lite,10.6,isd_lite,38.9,isd_lite,,,,
1977,7,21.1,isd_lite,14.1,isd_lite,30.6,isd_lite,11.7,isd_lite,40.6,isd_lite,,,,
1977,8,20.8,isd_lite,14.7,isd_lite,29.6,isd_lite,12.2,isd_lite,38.9,isd_lite,,,,
1977,9,19.2,isd_lite,13.9,isd_lite,26.4,isd_lite,10.6,isd_lite,37.2,isd_lite,,,,
1977,10,17.1,isd_lite,11.4,isd_lite,24.4,isd_lite,7.8,isd_lite,30.6,isd_lite,,,,
1977,11,12.8,isd_lite,7.2,isd_lite,19.4,isd_lite,1.7,isd_lite,25.0,isd_lite,,,,
1977,12,10.3,isd_lite,7.2,isd_lite,13.9,isd_lite,2.2,isd_lite,20.6,isd_lite,,,,
1978,1,10.5,isd_lite,8.1,isd_lite,13.4,isd_lite,2.8,isd_lite,16.7,isd_lite,,,,
1978,2,10.9,isd_lite,6.9,isd_lite,14.6,isd_lite,2.8,isd_lite,19.4,isd_lite,,,,
1978,3,13.7,isd_lite,9.6,isd_lite,18.0,isd_lite,5.0,isd_lite,22.2,isd_lite,,,,
1978,4,13.3,isd_lite,8.0,isd_lite,18.5,isd_lite,2.2,isd_lite,27.2,isd_lite,,,,
1978,5,18.6,isd_lite,11.5,isd_lite,25.7,isd_lite,7.2,isd_lite,33.9,isd_lite,,,,
1978,6,19.4,isd_lite,13.3,isd_lite,27.3,isd_lite,11.1,isd_lite,39.4,isd_lite,,,,
1978,7,21.1,isd_lite,14.1,isd_lite,30.1,isd_lite,12.2,isd_lite,36.7,isd_lite,,,,
1978,8,21.7,isd_lite,15.5,isd_lite,29.7,isd_lite,12.8,isd_lite,39.4,isd_lite,,,,
1978,9,21.4,isd_lite,14.8,isd_lite,28.5,isd_lite,11.1,isd_lite,34.4,isd_lite,,,,
1978,10,18.7,isd_lite,12.5,isd_lite,26.1,isd_lite,8.9,isd_lite,34.4,isd_lite,,,,
1978,11,11.4,isd_lite,6.1,isd_lite,17.4,isd_lite,-0.5,isd_lite,26.7,isd_lite,,,,
1978,12,5.8,isd_lite,1.9,isd_lite,10.5,isd_lite,-4.3,isd_lite,18.9,isd_lite,,,,
1979,1,8.1,isd_lite,4.3,isd_lite,12.0,isd_lite,-3.2,isd_lite,16.1,isd_lite,,,,
1979,2,10.3,isd_lite,6.0,isd_lite,15.2,isd_lite,0.0,isd_lite,20.0,isd_lite,,,,
1979,3,13.5,isd_lite,9.1,isd_lite,18.0,isd_lite,5.0,isd_lite,23.9,isd_lite,,,,
1979,4,14.8,isd_lite,9.4,isd_lite,20.4,isd_lite,3.9,isd_lite,23.9,isd_lite,,,,
1979,5,19.5,isd_lite,13.0,isd_lite,26.8,isd_lite,5.6,isd_lite,36.1,isd_lite,,,,
1979,6,22.1,isd_lite,14.6,isd_lite,30.7,isd_lite,10.6,isd_lite,38.3,isd_lite,,,,
1979,7,22.7,isd_lite,15.6,isd_lite,31.9,isd_lite,13.3,isd_lite,39.4,isd_lite,,,,
1979,8,21.1,isd_lite,14.9,isd_lite,30.0,isd_lite,12.8,isd_lite,38.3,isd_lite,,,,
1979,9,22.0,isd_lite,14.8,isd_lite,30.7,isd_lite,10.0,isd_lite,36.7,isd_lite,,,,
1979,10,16.9,isd_lite,11.9,isd_lite,23.2,isd_lite,6.1,isd_lite,32.2,isd_lite,,,,
1979,11,11.7,isd_lite,7.2,isd_lite,16.7,isd_lite,1.7,isd_lite,21.1,isd_lite,,,,
1979,12,7.9,isd_lite,3.0,isd_lite,13.2,isd_lite,-2.7,isd_lite,20.6,isd_lite,,,,
1980,1,8.4,isd_lite,5.0,isd_lite,12.0,isd_lite,-1.6,isd_lite,17.8,isd_lite,,,,
1980,2,11.7,isd_lite,8.1,isd_lite,15.7,isd_lite,1.7,isd_lite,18.9,isd_lite,,,,
1980,3,12.2,isd_lite,6.9,isd_lite,17.3,isd_lite,2.2,isd_lite,22.2,isd_lite,,,,
1980,4,14.3,isd_lite,8.6,isd_lite,20.3,isd_lite,2.8,isd_lite,26.7,isd_lite,,,1016.2,isd_lite
1980,5,15.7,isd_lite,10.1,isd_lite,22.9,isd_lite,6.1,isd_lite,33.3,isd_lite,,,1013.5,isd_lite
1980,6,17.7,isd_lite,11.3,isd_lite,25.4,isd_lite,7.2,isd_lite,36.7,isd_lite,,,1014.8,isd_lite
1980,7,20.9,isd_lite,14.1,isd_lite,30.3,isd_lite,11.1,isd_lite,41.7,isd_lite,,,1013.0,isd_lite
1980,8,19.1,isd_lite,13.1,isd_lite,28.3,isd_lite,11.7,isd_lite,39.4,isd_lite,,,1011.0,isd_lite
1980,9,19.2,isd_lite,13.1,isd_lite,27.8,isd_lite,10.0,isd_lite,35.6,isd_lite,,,1012.7,isd_lite
1980,10,18.0,isd_lite,11.2,isd_lite,26.2,isd_lite,6.1,isd_lite,38.9,isd_lite,,,1016.4,isd_lite
1980,11,13.4,isd_lite,8.0,isd_lite,19.9,isd_lite,2.8,isd_lite,26.7,isd_lite,,,1021.0,isd_lite
1980,12,8.7,isd_lite,4.7,isd_lite,13.1,isd_lite,-1.6,isd_lite,18.3,isd_lite,,,1021.4,isd_lite
1981,1,8.2,isd_lite,5.1,isd_lite,11.6,isd_lite,0.0,isd_lite,19.4,isd_lite,,,1018.7,isd_lite
1981,2,10.4,isd_lite,5.7,isd_lite,15.5,isd_lite,0.6,isd_lite,20.6,isd_lite,,,1019.5,isd_lite
1981,3,10.9,isd_lite,5.9,isd_lite,15.9,isd_lite,1.7,isd_lite,21.1,isd_lite,,,1016.7,isd_lite
1981,4,15.5,isd_lite,8.9,isd_lite,22.4,isd_lite,3.9,isd_lite,33.9,isd_lite,,,1016.4,isd_lite
1981,5,18.4,isd_lite,12.1,isd_lite,26.0,isd_lite,7.2,isd_lite,32.2,isd_lite,,,1012.9,isd_lite
1981,6,22.8,isd_lite,14.5,isd_lite,31.9,isd_lite,5.6,isd_lite,40.6,isd_lite,,,1011.9,isd_lite
1981,7,19.8,isd_lite,12.6,isd_lite,29.8,isd_lite,11.7,isd_lite,37.2,isd_lite,,,1011.7,isd_lite
1981,8,21.8,isd_lite,15.1,isd_lite,31.2,isd_lite,11.7,isd_lite,41.1,isd_lite,,,1010.9,isd_lite
1981,9,19.7,isd_lite,13.7,isd_lite,28.3,isd_lite,10.6,isd_lite,33.9,isd_lite,,,1013.2,isd_lite
1981,10,15.5,isd_lite,9.8,isd_lite,22.3,isd_lite,5.6,isd_lite,30.0,isd_lite,,,1015.4,isd_lite
1981,11,13.5,isd_lite,9.3,isd_lite,18.0,isd_lite,2.8,isd_lite,23.9,isd_lite,,,1017.3,isd_lite
1981,12,10.5,isd_lite,7.4,isd_lite,13.6,isd_lite,3.3,isd_lite,17.8,isd_lite,,,1020.2,isd_lite
1982,1,6.5,isd_lite,2.8,isd_lite,10.9,isd_lite,-0.5,isd_lite,17.2,isd_lite,,,1020.4,isd_lite
1982,2,11.4,isd_lite,6.8,isd_lite,16.2,isd_lite,-0.5,isd_lite,20.6,isd_lite,,,1019.8,isd_lite
1982,3,11.1,isd_lite,7.2,isd_lite,15.8,isd_lite,3.3,isd_lite,20.0,isd_lite,,,1014.9,isd_lite
1982,4,14.1,isd_lite,9.0,isd_lite,19.6,isd_lite,3.9,isd_lite,27.8,isd_lite,,,1017.4,isd_lite
1982,5,16.9,isd_lite,10.8,isd_lite,24.7,isd_lite,7.8,isd_lite,37.8,isd_lite,,,1012.2,isd_lite
1982,6,17.2,isd_lite,11.9,isd_lite,24.6,isd_lite,7.2,isd_lite,32.2,isd_lite,,,1012.6,isd_lite
1982,7,20.1,isd_lite,13.4,isd_lite,29.5,isd_lite,11.7,isd_lite,35.6,isd_lite,,,1013.2,isd_lite
1982,8,19.8,isd_lite,13.4,isd_lite,28.5,isd_lite,11.7,isd_lite,36.7,isd_lite,,,1013.6,isd_lite
1982,9,19.9,isd_lite,13.5,isd_lite,27.2,isd_lite,9.4,isd_lite,36.1,isd_lite,,,1012.2,isd_lite
1982,10,16.6,isd_lite,10.6,isd_lite,23.2,isd_lite,5.0,isd_lite,28.3,isd_lite,,,1016.7,isd_lite
1982,11,9.6,isd_lite,6.1,isd_lite,13.7,isd_lite,1.1,isd_lite,20.6,isd_lite,,,1016.0,isd_lite
1982,12,8.2,isd_lite,4.1,isd_lite,12.5,isd_lite,-1.9,isd_lite,17.2,isd_lite,,,1019.5,isd_lite
1983,1,6.7,isd_lite,4.1,isd_lite,9.9,isd_lite,0.6,isd_lite,20.6,isd_lite,,,1018.4,isd_lite
1983,2,10.4,isd_lite,7.1,isd_lite,13.9,isd_lite,2.2,isd_lite,17.2,isd_lite,,,1014.3,isd_lite
1983,3,11.2,isd_lite,7.7,isd_lite,15.0,isd_lite,2.2,isd_lite,18.9,isd_lite,,,1013.0,isd_lite
1983,4,12.8,isd_lite,8.3,isd_lite,17.5,isd_lite,3.9,isd_lite,22.8,isd_lite,,,1014.3,isd_lite
1983,5,16.8,isd_lite,11.0,isd_lite,23.3,isd_lite,5.6,isd_lite,32.8,isd_lite,,,1015.0,isd_lite
1983,6,19.6,isd_lite,13.2,isd_lite,27.3,isd_lite,10.6,isd_lite,35.0,isd_lite,,,1012.0,isd_lite
1983,7,20.8,isd_lite,14.1,isd_lite,28.9,isd_lite,11.1,isd_lite,38.9,isd_lite,,,1013.3,isd_lite
1983,8,21.8,isd_lite,15.8,isd_lite,30.2,isd_lite,13.3,isd_lite,38.9,isd_lite,,,1013.7,isd_lite
1983,9,21.5,isd_lite,15.2,isd_lite,29.5,isd_lite,11.1,isd_lite,37.8,isd_lite,,,1011.5,isd_lite
1983,10,17.9,isd_lite,12.2,isd_lite,25.3,isd_lite,8.3,isd_lite,30.6,isd_lite,,,1015.6,isd_lite
1983,11,11.6,isd_lite,7.7,isd_lite,15.7,isd_lite,1.1,isd_lite,22.8,isd_lite,,,1016.5,isd_lite
1983,12,10.0,isd_lite,7.1,isd_lite,12.9,isd_lite,1.1,isd_lite,18.9,isd_lite,,,1018.7,isd_lite
1984,1,8.1,isd_lite,4.0,isd_lite,12.5,isd_lite,-1.6,isd_lite,18.3,isd_lite,,,1022.8,isd_lite
1984,2,9.1,isd_lite,4.2,isd_lite,14.3,isd_lite,1.7,isd_lite,18.3,isd_lite,,,1020.9,isd_lite
1984,3,13.2,isd_lite,7.9,isd_lite,19.0,isd_lite,3.9,isd_lite,23.9,isd_lite,,,1018.1,isd_lite
1984,4,13.4,isd_lite,7.4,isd_lite,19.6,isd_lite,1.7,isd_lite,27.8,isd_lite,,,1016.8,isd_lite
1984,5,19.1,isd_lite,12.0,isd_lite,27.4,isd_lite,5.0,isd_lite,37.8,isd_lite,,,1015.0,isd_lite
1984,6,19.4,isd_lite,12.5,isd_lite,28.0,isd_lite,9.4,isd_lite,35.6,isd_lite,,,1012.0,isd_lite
1984,7,22.7,isd_lite,15.5,isd_lite,32.2,isd_lite,11.7,isd_lite,39.4,isd_lite,,,1010.9,isd_lite
1984,8,21.9,isd_lite,15.3,isd_lite,31.0,isd_lite,11.7,isd_lite,40.0,isd_lite,,,1012.6,isd_lite
1984,9,23.1,isd_lite,14.9,isd_lite,32.0,isd_lite,10.0,isd_lite,38.9,isd_lite,,,1011.1,isd_lite
1984,10,16.0,isd_lite,10.8,isd_lite,22.0,isd_lite,5.6,isd_lite,29.4,isd_lite,,,1016.7,isd_lite
1984,11,11.2,isd_lite,6.7,isd_lite,15.5,isd_lite,2.2,isd_lite,22.2,isd_lite,,,1018.3,isd_lite
1984,12,7.3,isd_lite,3.5,isd_lite,11.4,isd_lite,-1.6,isd_lite,19.4,isd_lite,,,1017.9,isd_lite
1985,1,5.3,isd_lite,2.3,isd_lite,9.2,isd_lite,-2.1,isd_lite,14.4,isd_lite,,,1022.9,isd_lite
1985,2,10.6,isd_lite,4.4,isd_lite,16.8,isd_lite,-1.6,isd_lite,23.9,isd_lite,,,1019.7,isd_lite
1985,3,10.1,isd_lite,5.4,isd_lite,15.2,isd_lite,2.2,isd_lite,23.9,isd_lite,,,1018.8,isd_lite
1985,4,15.9,isd_lite,9.8,isd_lite,22.7,isd_lite,6.7,isd_lite,30.0,isd_lite,,,1016.0,isd_lite
1985,5,16.7,isd_lite,10.6,isd_lite,24.3,isd_lite,7.2,isd_lite,31.1,isd_lite,,,1014.4,isd_lite
1985,6,22.4,isd_lite,15.0,isd_lite,31.6,isd_lite,9.4,isd_lite,41.1,isd_lite,,,1012.3,isd_lite
1985,7,22.6,isd_lite,15.6,isd_lite,32.3,isd_lite,12.2,isd_lite,41.1,isd_lite,,,1012.8,isd_lite
1985,8,21.1,isd_lite,14.5,isd_lite,30.0,isd_lite,12.2,isd_lite,37.2,isd_lite,,,1013.6,isd_lite
1985,9,19.7,isd_lite,14.1,isd_lite,27.0,isd_lite,10.6,isd_lite,37.2,isd_lite,,,1013.6,isd_lite
1985,10,17.5,isd_lite,11.3,isd_lite,24.8,isd_lite,6.1,isd_lite,37.2,isd_lite,,,1015.1,isd_lite
1985,11,10.6,isd_lite,5.7,isd_lite,15.9,isd_lite,-0.5,isd_lite,29.4,isd_lite,,,1017.0,isd_lite
1985,12,6.5,isd_lite,3.8,isd_lite,9.7,isd_lite,-2.1,isd_lite,17.8,isd_lite,,,1023.7,isd_lite
1986,1,10.7,isd_lite,7.4,isd_lite,14.7,isd_lite,2.2,isd_lite,18.3,isd_lite,,,1020.9,isd_lite
1986,2,13.1,isd_lite,9.1,isd_lite,17.4,isd_lite,2.2,isd_lite,24.4,isd_lite,,,1016.4,isd_lite
1986,3,14.9,isd_lite,10.4,isd_lite,20.2,isd_lite,6.1,isd_lite,27.2,isd_lite,,,1016.7,isd_lite
1986,4,15.0,isd_lite,9.3,isd_lite,21.2,isd_lite,4.4,isd_lite,29.4,isd_lite,,,1016.8,isd_lite
1986,5,17.6,isd_lite,11.0,isd_lite,25.1,isd_lite,6.1,isd_lite,32.8,isd_lite,,,1013.5,isd_lite
1986,6,20.1,isd_lite,13.7,isd_lite,28.1,isd_lite,11.1,isd_lite,37.2,isd_lite,,,1012.9,isd_lite
1986,7,21.2,isd_lite,14.3,isd_lite,30.3,isd_lite,12.2,isd_lite,37.2,isd_lite,,,1013.4,isd_lite
1986,8,20.5,isd_lite,13.8,isd_lite,30.7,isd_lite,11.7,isd_lite,37.2,isd_lite,,,1011.7,isd_lite
1986,9,17.9,isd_lite,12.0,isd_lite,25.6,isd_lite,7.2,isd_lite,35.6,isd_lite,,,1012.8,isd_lite
1986,10,17.8,isd_lite,11.3,isd_lite,25.6,isd_lite,7.2,isd_lite,32.2,isd_lite,,,1015.6,isd_lite
1986,11,13.7,isd_lite,6.3,isd_lite,21.4,isd_lite,1.1,isd_lite,27.8,isd_lite,,,1019.6,isd_lite
1986,12,8.0,isd_lite,3.7,isd_lite,12.8,isd_lite,-1.0,isd_lite,19.4,isd_lite,,,1020.6,isd_lite
1987,1,7.7,isd_lite,3.2,isd_lite,12.4,isd_lite,-2.7,isd_lite,18.3,isd_lite,,,1021.0,isd_lite
1987,2,10.5,isd_lite,5.3,isd_lite,15.8,isd_lite,0.6,isd_lite,21.1,isd_lite,,,1017.1,isd_lite
1987,3,12.4,isd_lite,7.0,isd_lite,17.6,isd_lite,1.1,isd_lite,23.3,isd_lite,,,1016.4,isd_lite
1987,4,16.5,isd_lite,9.9,isd_lite,23.8,isd_lite,5.6,isd_lite,30.6,isd_lite,,,1015.6,isd_lite
1987,5,20.0,isd_lite,13.8,isd_lite,27.7,isd_lite,7.2,isd_lite,37.8,isd_lite,,,1012.8,isd_lite
1987,6,19.9,isd_lite,13.5,isd_lite,28.4,isd_lite,11.7,isd_lite,37.8,isd_lite,,,1012.7,isd_lite
1987,7,20.2,isd_lite,14.0,isd_lite,28.0,isd_lite,12.2,isd_lite,36.1,isd_lite,,,1011.1,isd_lite
1987,8,21.3,isd_lite,14.9,isd_lite,30.3,isd_lite,13.3,isd_lite,39.4,isd_lite,,,1012.1,isd_lite
1987,9,20.0,isd_lite,13.2,isd_lite,29.3,isd_lite,10.6,isd_lite,36.7,isd_lite,,,1013.7,isd_lite
1987,10,18.7,isd_lite,13.0,isd_lite,26.0,isd_lite,9.4,isd_lite,37.2,isd_lite,,,1015.2,isd_lite
1987,11,11.6,isd_lite,6.6,isd_lite,16.6,isd_lite,-1.0,isd_lite,22.2,isd_lite,,,1019.5,isd_lite
1987,12,7.8,isd_lite,4.6,isd_lite,11.4,isd_lite,-1.6,isd_lite,17.8,isd_lite,,,1019.5,isd_lite
1988,1,7.7,isd_lite,4.1,isd_lite,11.7,isd_lite,-1.6,isd_lite,18.3,isd_lite,,,1021.5,isd_lite
1988,2,11.7,isd_lite,5.9,isd_lite,18.0,isd_lite,-0.5,isd_lite,24.4,isd_lite,,,1020.6,isd_lite
1988,3,14.8,isd_lite,8.9,isd_lite,21.5,isd_lite,5.0,isd_lite,30.0,isd_lite,,,1020.3,isd_lite
1988,4,15.2,isd_lite,10.0,isd_lite,21.3,isd_lite,6.7,isd_lite,31.7,isd_lite,,,1014.8,isd_lite
1988,5,17.4,isd_lite,10.8,isd_lite,24.6,isd_lite,5.6,isd_lite,35.0,isd_lite,,,1015.6,isd_lite
1988,6,20.5,isd_lite,13.8,isd_lite,28.8,isd_lite,8.3,isd_lite,37.2,isd_lite,,,1012.7,isd_lite
1988,7,23.8,isd_lite,16.2,isd_lite,33.5,isd_lite,12.2,isd_lite,43.9,isd_lite,,,1011.8,isd_lite
1988,8,21.6,isd_lite,15.4,isd_lite,30.7,isd_lite,12.8,isd_lite,40.6,isd_lite,,,1010.3,isd_lite
1988,9,20.7,isd_lite,13.6,isd_lite,30.0,isd_lite,8.9,isd_lite,40.6,isd_lite,,,1012.0,isd_lite
1988,10,17.5,isd_lite,12.2,isd_lite,25.1,isd_lite,8.9,isd_lite,33.9,isd_lite,,,1015.1,isd_lite
1988,11,12.7,isd_lite,9.0,isd_lite,16.9,isd_lite,2.8,isd_lite,25.0,isd_lite,,,1019.3,isd_lite
1988,12,8.6,isd_lite,4.1,isd_lite,14.1,isd_lite,0.6,isd_lite,21.1,isd_lite,,,1021.3,isd_lite
1989,1,6.7,isd_lite,1.8,isd_lite,12.2,isd_lite,-2.7,isd_lite,16.7,isd_lite,,,1023.1,isd_lite
1989,2,8.0,isd_lite,3.3,isd_lite,13.2,isd_lite,-3.8,isd_lite,21.7,isd_lite,,,1021.5,isd_lite
1989,3,12.1,isd_lite,8.1,isd_lite,16.4,isd_lite,2.8,isd_lite,20.6,isd_lite,,,1018.0,isd_lite
1989,4,15.1,isd_lite,9.3,isd_lite,21.7,isd_lite,2.8,isd_lite,31.7,isd_lite,,,1015.6,isd_lite
1989,5,16.7,isd_lite,10.4,isd_lite,24.1,isd_lite,7.2,isd_lite,32.8,isd_lite,,,1014.9,isd_lite
1989,6,19.6,isd_lite,13.4,isd_lite,27.1,isd_lite,11.1,isd_lite,38.9,isd_lite,,,1012.4,isd_lite
1989,7,21.7,isd_lite,14.0,isd_lite,31.6,isd_lite,11.7,isd_lite,40.6,isd_lite,,,1013.2,isd_lite
1989,8,20.4,isd_lite,13.8,isd_lite,29.8,isd_lite,11.1,isd_lite,37.2,isd_lite,,,1011.3,isd_lite
1989,9,19.4,isd_lite,13.7,isd_lite,27.4,isd_lite,11.1,isd_lite,36.1,isd_lite,,,1012.0,isd_lite
1989,10,18.5,isd_lite,12.4,isd_lite,25.7,isd_lite,5.6,isd_lite,33.9,isd_lite,,,1016.4,isd_lite
1989,11,13.0,isd_lite,7.0,isd_lite,20.0,isd_lite,1.7,isd_lite,26.1,isd_lite,,,1018.8,isd_lite
1989,12,7.3,isd_lite,2.8,isd_lite,12.8,isd_lite,-1.0,isd_lite,21.7,isd_lite,,,1022.3,isd_lite
1990,1,9.1,isd_lite,4.4,isd_lite,14.3,isd_lite,-0.5,isd_lite,18.9,isd_lite,,,1020.1,isd_lite
1990,2,9.5,isd_lite,4.1,isd_lite,15.2,isd_lite,-1.0,isd_lite,22.2,isd_lite,,,1021.1,isd_lite
1990,3,13.0,isd_lite,7.9,isd_lite,19.3,isd_lite,1.7,isd_lite,26.1,isd_lite,,,1017.6,isd_lite
1990,4,16.6,isd_lite,11.0,isd_lite,23.5,isd_lite,6.1,isd_lite,32.2,isd_lite,,,1014.8,isd_lite
1990,5,17.7,isd_lite,12.0,isd_lite,24.4,isd_lite,9.4,isd_lite,36.1,isd_lite,,,1013.3,isd_lite
1990,6,20.5,isd_lite,13.5,isd_lite,29.2,isd_lite,8.9,isd_lite,40.6,isd_lite,,,1013.5,isd_lite
1990,7,21.3,isd_lite,14.7,isd_lite,30.6,isd_lite,12.8,isd_lite,40.0,isd_lite,,,1012.0,isd_lite
1990,8,21.4,isd_lite,15.1,isd_lite,30.1,isd_lite,12.2,isd_lite,40.0,isd_lite,,,1013.3,isd_lite
1990,9,21.1,isd_lite,14.4,isd_lite,30.4,isd_lite,12.8,isd_lite,38.9,isd_lite,,,1013.6,isd_lite
1990,10,18.4,isd_lite,10.6,isd_lite,27.0,isd_lite,6.1,isd_lite,34.4,isd_lite,,,1015.7,isd_lite
1990,11,11.6,isd_lite,4.9,isd_lite,19.3,isd_lite,-1.0,isd_lite,25.0,isd_lite,,,1020.3,isd_lite
1990,12,4.9,isd_lite,-1.2,isd_lite,11.8,isd_lite,-7.7,isd_lite,19.4,isd_lite,,,1021.6,isd_lite
1991,1,8.0,isd_lite,2.7,isd_lite,14.1,isd_lite,-4.9,isd_lite,20.6,isd_lite,,,1021.8,isd_lite
1991,2,12.1,isd_lite,6.6,isd_lite,18.6,isd_lite,-0.5,isd_lite,25.0,isd_lite,,,1018.6,isd_lite
1991,3,9.9,isd_lite,5.5,isd_lite,14.7,isd_lite,1.7,isd_lite,22.8,isd_lite,,,1014.1,isd_lite
1991,4,13.6,isd_lite,7.7,isd_lite,20.0,isd_lite,2.8,isd_lite,28.3,isd_lite,,,1018.3,isd_lite
1991,5,14.7,isd_lite,8.7,isd_lite,22.0,isd_lite,2.2,isd_lite,31.1,isd_lite,,,1014.8,isd_lite
1991,6,18.0,isd_lite,11.2,isd_lite,26.2,isd_lite,8.3,isd_lite,35.0,isd_lite,,,1012.1,isd_lite
1991,7,21.4,isd_lite,14.8,isd_lite,30.8,isd_lite,11.7,isd_lite,42.2,isd_lite,,,1012.2,isd_lite
1991,8,20.7,isd_lite,14.8,isd_lite,29.2,isd_lite,12.8,isd_lite,35.0,isd_lite,,,1014.6,isd_lite
1991,9,20.9,isd_lite,14.1,isd_lite,30.7,isd_lite,10.6,isd_lite,37.2,isd_lite,,,1012.2,isd_lite
1991,10,18.8,isd_lite,11.8,isd_lite,27.2,isd_lite,5.6,isd_lite,37.8,isd_lite,,,1013.9,isd_lite
1991,11,12.3,isd_lite,5.9,isd_lite,19.4,isd_lite,0.6,isd_lite,25.0,isd_lite,,,1020.0,isd_lite
1991,12,7.1,isd_lite,2.1,isd_lite,12.8,isd_lite,-2.7,isd_lite,17.8,isd_lite,,,1019.0,isd_lite
1992,1,5.3,isd_lite,2.3,isd_lite,9.1,isd_lite,-2.1,isd_lite,14.4,isd_lite,,,1020.6,isd_lite
1992,2,10.6,isd_lite,5.9,isd_lite,15.9,isd_lite,-2.1,isd_lite,22.2,isd_lite,,,1015.7,isd_lite
1992,3,12.5,isd_lite,7.8,isd_lite,17.6,isd_lite,2.8,isd_lite,22.8,isd_lite,,,1014.0,isd_lite
1992,4,16.8,isd_lite,10.6,isd_lite,23.9,isd_lite,5.0,isd_lite,32.2,isd_lite,,,1016.1,isd_lite
1992,5,19.9,isd_lite,13.2,isd_lite,28.5,isd_lite,10.6,isd_lite,33.9,isd_lite,,,1012.0,isd_lite
1992,6,19.5,isd_lite,13.7,isd_lite,27.5,isd_lite,10.0,isd_lite,34.4,isd_lite,,,1010.9,isd_lite
1992,7,22.8,isd_lite,16.1,isd_lite,31.8,isd_lite,12.7,isd_lite,37.2,isd_lite,,,1012.9,isd_lite
1992,8,23.0,isd_lite,16.0,isd_lite,32.9,isd_lite,13.3,isd_lite,41.1,isd_lite,,,1012.9,isd_lite
1992,9,22.1,isd_lite,15.0,isd_lite,31.9,isd_lite,12.7,isd_lite,38.3,isd_lite,,,1012.2,isd_lite
1992,10,20.1,isd_lite,13.7,isd_lite,28.1,isd_lite,8.8,isd_lite,36.6,isd_lite,,,1014.2,isd_lite
1992,11,14.0,isd_lite,7.5,isd_lite,20.8,isd_lite,1.1,isd_lite,27.2,isd_lite,,,1020.0,isd_lite
1992,12,7.0,isd_lite,2.5,isd_lite,11.2,isd_lite,,,,,,,1017.4,isd_lite
1993,1,6.7,isd_lite,,,,,,,,,,,1015.5,isd_lite
1993,2,9.7,isd_lite,,,,,,,,,,,1014.2,isd_lite
1993,3,13.9,isd_lite,,,,,,,,,,,1018.4,isd_lite
1993,4,14.4,isd_lite,,,,,,,,,,,1017.6,isd_lite
1993,5,17.7,isd_lite,,,,,,,,,,,1013.4,isd_lite
1993,7,21.7,isd_lite,14.6,isd_lite,30.5,isd_lite,10.5,isd_lite,39.4,isd_lite,,,1011.1,isd_lite
1993,8,22.0,isd_lite,15.0,isd_lite,30.8,isd_lite,11.6,isd_lite,41.1,isd_lite,,,1011.7,isd_lite
1993,9,20.3,isd_lite,13.0,isd_lite,30.2,isd_lite,10.0,isd_lite,37.2,isd_lite,,,1013.0,isd_lite
1993,10,17.8,isd_lite,11.3,isd_lite,25.6,isd_lite,7.7,isd_lite,32.2,isd_lite,,,1015.5,isd_lite
1993,11,12.3,isd_lite,6.8,isd_lite,18.6,isd_lite,-2.8,isd_lite,28.8,isd_lite,,,1018.8,isd_lite
1993,12,8.2,isd_lite,4.0,isd_lite,13.2,isd_lite,-1.7,isd_lite,21.6,isd_lite,,,1021.6,isd_lite
1994,1,8.7,isd_lite,3.7,isd_lite,15.0,isd_lite,-1.2,isd_lite,19.4,isd_lite,,,1022.5,isd_lite
1994,2,9.0,isd_lite,3.8,isd_lite,14.7,isd_lite,-2.3,isd_lite,23.3,isd_lite,,,1017.5,isd_lite
1994,3,14.8,isd_lite,8.4,isd_lite,21.7,isd_lite,,,,,,,1017.7,isd_lite
1994,4,15.2,isd_lite,9.5,isd_lite,22.3,isd_lite,5.0,isd_lite,31.1,isd_lite,,,1015.9,isd_lite
1994,5,16.5,isd_lite,11.1,isd_lite,23.6,isd_lite,8.3,isd_lite,31.6,isd_lite,,,1013.7,isd_lite
1994,6,20.2,isd_lite,12.3,isd_lite,29.3,isd_lite,8.3,isd_lite,39.4,isd_lite,,,1013.6,isd_lite
1994,7,19.7,isd_lite,13.1,isd_lite,29.6,isd_lite,,,,,,,1012.3,isd_lite
1994,8,21.4,isd_lite,14.0,isd_lite,31.7,isd_lite,11.1,isd_lite,38.3,isd_lite,,,1012.6,isd_lite
1994,9,20.3,isd_lite,13.6,isd_lite,29.8,isd_lite,11.1,isd_lite,36.1,isd_lite,,,1013.6,isd_lite
1994,10,16.5,isd_lite,9.8,isd_lite,24.5,isd_lite,4.4,isd_lite,31.6,isd_lite,,,1013.9,isd_lite
1994,11,9.1,isd_lite,4.0,isd_lite,14.1,isd_lite,-1.7,isd_lite,18.3,isd_lite,,,1019.6,isd_lite
1994,12,6.7,isd_lite,2.9,isd_lite,10.5,isd_lite,-2.3,isd_lite,17.7,isd_lite,,,1020.3,isd_lite
1995,1,10.9,isd_lite,8.4,isd_lite,13.8,isd_lite,0.5,isd_lite,19.4,isd_lite,,,1015.1,isd_lite
1995,2,11.2,isd_lite,7.3,isd_lite,15.4,isd_lite,0.5,isd_lite,21.6,isd_lite,,,1019.1,isd_lite
1995,3,12.3,isd_lite,7.8,isd_lite,16.5,isd_lite,1.1,isd_lite,23.8,isd_lite,,,1015.4,isd_lite
1995,4,14.6,isd_lite,9.4,isd_lite,20.6,isd_lite,,,,,,,1015.9,isd_lite
1995,5,15.8,isd_lite,10.6,isd_lite,22.6,isd_lite,,,,,,,1013.2,isd_lite
1995,6,19.5,isd_lite,13.1,isd_lite,26.7,isd_lite,,,,,,,1013.1,isd_lite
1995,7,22.5,isd_lite,15.4,isd_lite,31.2,isd_lite,12.7,isd_lite,40.0,isd_lite,,,1013.2,isd_lite
1995,8,22.2,isd_lite,14.8,isd_lite,31.9,isd_lite,12.2,isd_lite,40.0,isd_lite,,,1010.0,isd_lite
1995,9,20.8,isd_lite,14.3,isd_lite,30.0,isd_lite,,,,,,,1012.8,isd_lite
1995,10,18.9,isd_lite,12.9,isd_lite,26.3,isd_lite,6.6,isd_lite,32.7,isd_lite,,,1014.6,isd_lite
1995,11,14.7,isd_lite,7.4,isd_lite,22.5,isd_lite,-16.2,isd_lite,27.2,isd_lite,,,1019.6,isd_lite
1995,12,10.6,isd_lite,6.8,isd_lite,14.7,isd_lite,2.2,isd_lite,20.5,isd_lite,,,1020.2,isd_lite
1996,1,9.5,isd_lite,5.8,isd_lite,13.4,isd_lite,,,,,,,1019.7,isd_lite
1996,2,11.5,isd_lite,7.7,isd_lite,15.7,isd_lite,-1.2,isd_lite,23.3,isd_lite,,,1016.9,isd_lite
1996,3,12.8,isd_lite,7.4,isd_lite,18.6,isd_lite,,,,,,,1017.1,isd_lite
1996,4,15.0,isd_lite,8.3,isd_lite,21.9,isd_lite,,,,,,,1018.2,isd_lite
1996,5,18.1,isd_lite,11.7,isd_lite,25.5,isd_lite,7.7,isd_lite,33.8,isd_lite,,,1014.5,isd_lite
1996,6,21.7,isd_lite,14.2,isd_lite,30.8,isd_lite,,,,,,,1012.5,isd_lite
1996,7,23.4,isd_lite,15.6,isd_lite,33.5,isd_lite,,,,,,,1012.1,isd_lite
1996,8,22.1,isd_lite,14.5,isd_lite,32.2,isd_lite,12.0,isd_lite,40.0,isd_lite,,,1011.7,isd_lite
1996,9,19.3,isd_lite,12.4,isd_lite,28.6,isd_lite,9.0,isd_lite,36.0,isd_lite,,,1011.6,isd_lite
1996,10,17.7,isd_lite,11.3,isd_lite,25.2,isd_lite,,,,,,,1015.4,isd_lite
1996,11,14.9,isd_lite,,,,,,,,,,,1018.6,isd_lite
1996,12,11.8,isd_lite,,,,,,,,,,,1018.4,isd_lite
1997,1,9.2,isd_lite,,,,,,,,,,,1019.6,isd_lite
1997,2,11.5,isd_lite,,,,,,,,,,,1020.2,isd_lite
1997,3,13.9,isd_lite,,,,,,,,,,,1018.8,isd_lite
1997,4,16.0,isd_lite,,,,,,,,,,,1016.2,isd_lite
1997,5,20.3,isd_lite,,,,,,,,,,,1014.1,isd_lite
1997,6,20.6,isd_lite,,,,,,,,,,,1010.5,isd_lite
1997,7,20.6,isd_lite,,,,,,,,,,,1011.8,isd_lite
1997,8,21.1,isd_lite,,,,,,,,,,,1013.2,isd_lite
1997,9,22.0,isd_lite,,,,,,,,,,,1011.4,isd_lite
1997,10,17.1,isd_lite,,,,,,,,,,,1015.5,isd_lite
1997,11,12.8,isd_lite,,,,,,,,,,,1015.0,isd_lite
1997,12,7.8,isd_lite,,,,,,,,,,,1020.0,isd_lite
1998,2,8.8,isd_lite,,,,,,,,,,,1012.3,isd_lite
1998,3,11.9,isd_lite,,,,,,,,,,,1014.9,isd_lite
1998,4,12.9,isd_lite,,,,,,,,,,,1016.7,isd_lite
1998,5,12.9,isd_lite,,,,,,,,,,,1016.2,isd_lite
1998,6,17.4,isd_lite,,,,,,,,,,,1014.1,isd_lite
1998,7,21.0,isd_lite,,,,,,,,,,,1012.9,isd_lite
1998,8,22.8,isd_lite,,,,,,,,,,,1013.1,isd_lite
1998,9,19.9,isd_lite,,,,,,,,,,,1009.9,isd_lite
1998,10,16.6,isd_lite,,,,,,,,,,,1015.7,isd_lite
1998,11,11.7,isd_lite,,,,,,,,,,,1018.7,isd_lite
1998,12,7.1,isd_lite,,,,,,,,,,,1024.7,isd_lite
1999,2,10.0,isd_lite,,,,,,,,,,,1022.7,isd_lite
1999,3,11.7,isd_lite,,,,,,,,,,,1017.0,isd_lite
1999,4,15.8,isd_lite,,,,,,,,,,,1015.9,isd_lite
1999,5,17.4,isd_lite,,,,,,,,,,,1015.1,isd_lite
1999,6,21.2,isd_lite,,,,,,,,,,,1012.5,isd_lite
1999,7,22.1,isd_lite,,,,,,,,,,,1013.5,isd_lite
1999,8,22.9,isd_lite,,,,,,,,,,,1013.1,isd_lite
1999,9,22.2,isd_lite,,,,,,,,,,,1011.2,isd_lite
1999,10,19.6,isd_lite,,,,,,,,,,,1016.9,isd_lite
1999,11,14.5,isd_lite,,,,,,,,,,,1020.1,isd_lite
2005,1,7.0,isd_lite,,,,,,,,,,,1019.2,isd_lite
2005,2,11.6,isd_lite,7.5,isd_lite,16.3,isd_lite,,,,,,,1016.4,isd_lite
2005,3,13.0,isd_lite,,,,,,,,,,,1017.5,isd_lite
2005,4,12.8,isd_lite,,,,,,,,,,,1017.2,isd_lite
2005,5,16.8,isd_lite,,,,,,,,,,,1014.3,isd_lite
2005,6,18.3,isd_lite,,,,,,,,,,,1011.8,isd_lite
2005,7,22.2,isd_lite,,,,,,,,,,,1011.1,isd_lite
2005,8,21.1,isd_lite,,,,,,,,,,,1011.6,isd_lite
2005,9,18.2,isd_lite,,,,,,,,,,,1013.7,isd_lite
2005,10,17.1,isd_lite,,,,,,,,,,,1015.5,isd_lite
2005,11,13.7,isd_lite,8.1,isd_lite,20.1,isd_lite,,,,,,,1019.8,isd_lite
2005,12,10.4,isd_lite,,,,,,,,,,,1020.2,isd_lite
2006,1,10.1,isd_lite,,,,,,,,,,,1022.0,isd_lite
2006,2,9.8,isd_lite,3.7,isd_lite,16.6,isd_lite,,,,,,,1019.7,isd_lite
2006,3,9.3,isd_lite,5.1,isd_lite,14.0,isd_lite,,,,,,,1015.6,isd_lite
2006,4,13.1,isd_lite,9.1,isd_lite,17.8,isd_lite,,,,,,,1014.8,isd_lite
2006,5,17.5,isd_lite,11.5,isd_lite,24.6,isd_lite,,,,,,,1013.8,isd_lite
2006,6,21.3,isd_lite,14.2,isd_lite,29.6,isd_lite,,,,,,,1013.0,isd_lite
2006,7,24.1,isd_lite,16.3,isd_lite,34.3,isd_lite,,,,,,,1011.3,isd_lite
2006,8,20.3,isd_lite,13.5,isd_lite,30.0,isd_lite,11.0,isd_lite,37.0,isd_lite,,,1011.6,isd_lite
2006,9,19.6,isd_lite,12.5,isd_lite,29.0,isd_lite,7.0,isd_lite,37.0,isd_lite,,,1012.1,isd_lite
2006,10,15.8,isd_lite,,,,,,,,,,,1014.8,isd_lite
2006,11,11.8,isd_lite,7.0,isd_lite,17.5,isd_lite,,,,,,,1019.9,isd_lite
2006,12,7.1,isd_lite,,,,,,,,,,,1022.9,isd_lite
2007,1,6.1,isd_lite,,,,,,,,,,,1022.7,isd_lite
2007,2,10.1,isd_lite,,,,,,,,,,,1019.3,isd_lite
2007,3,13.2,isd_lite,,,,,,,,,,,1018.9,isd_lite
2007,4,14.6,isd_lite,8.1,isd_lite,22.2,isd_lite,,,,,,,1016.2,isd_lite
2007,5,17.5,isd_lite,10.9,isd_lite,25.3,isd_lite,,,,,,,1013.7,isd_lite
2007,6,20.2,isd_lite,,,,,,,,,,,1012.4,isd_lite
2007,7,21.6,isd_lite,,,,,,,,,,,1011.8,isd_lite
2007,8,21.7,isd_lite,,,,,,,,,,,,
2007,9,19.0,isd_lite,,,,,,,,,,,1012.6,isd_lite
2007,10,15.4,isd_lite,10.1,isd_lite,22.3,isd_lite,,,,,,,1016.7,isd_lite
2007,11,12.1,isd_lite,,,,,,,,,,,1018.8,isd_lite
2007,12,7.5,isd_lite,,,,,,,,,,,1023.0,isd_lite
2008,1,7.0,isd_lite,,,,,,,,,,,1018.6,isd_lite
2008,2,9.5,isd_lite,,,,,,,,,,,1019.4,isd_lite
2008,3,11.7,isd_lite,,,,,,,,,,,1021.3,isd_lite
2008,4,13.6,isd_lite,5.8,isd_lite,21.5,isd_lite,,,,,,,1018.1,isd_lite
2008,5,18.0,isd_lite,11.4,isd_lite,26.1,isd_lite,,,,,,,1012.7,isd_lite
2008,6,20.9,isd_lite,12.7,isd_lite,30.3,isd_lite,,,,,,,1012.6,isd_lite
2008,7,21.4,isd_lite,,,,,,,,,,,1010.7,isd_lite
2008,8,22.1,isd_lite,14.8,isd_lite,32.3,isd_lite,,,,,,,1009.5,isd_lite
2008,9,20.7,isd_lite,12.9,isd_lite,30.5,isd_lite,,,,,,,1011.6,isd_lite
2008,10,17.1,isd_lite,,,,,,,,,,,1017.1,isd_lite
2008,11,12.4,isd_lite,,,,,,,,,,,1019.8,isd_lite
2008,12,6.0,isd_lite,,,,,,,,,,,1019.8,isd_lite
2009,1,7.4,isd_lite,1.8,isd_lite,14.6,isd_lite,,,,,,,1023.6,isd_lite
2009,2,9.4,isd_lite,5.3,isd_lite,13.9,isd_lite,,,,,,,1017.3,isd_lite
2009,3,11.6,isd_lite,,,,,,,,,,,1018.4,isd_lite
2009,4,13.6,isd_lite,7.1,isd_lite,21.1,isd_lite,,,,,,,1016.5,isd_lite
2009,5,18.0,isd_lite,11.3,isd_lite,26.6,isd_lite,,,,,,,1013.8,isd_lite
2009,6,19.5,isd_lite,,,,,,,,,,,1010.5,isd_lite
2009,7,20.8,isd_lite,13.2,isd_lite,31.0,isd_lite,,,,,,,1011.9,isd_lite
2009,8,21.3,isd_lite,13.8,isd_lite,30.9,isd_lite,,,,,,,1012.4,isd_lite
2009,9,22.0,isd_lite,,,,,,,,,,,1012.4,isd_lite
2009,10,16.0,isd_lite,10.0,isd_lite,23.4,isd_lite,,,,,,,1014.2,isd_lite
2009,11,10.6,isd_lite,3.7,isd_lite,19.6,isd_lite,-1.4,isd_lite,27.1,isd_lite,,,1018.4,isd_lite
2009,12,6.8,isd_lite,2.3,isd_lite,12.6,isd_lite,-6.9,isd_lite,20.7,isd_lite,,,1018.6,isd_lite
2010,1,8.4,isd_lite,5.3,isd_lite,11.9,isd_lite,,,,,,,1015.3,isd_lite
2010,2,10.6,isd_lite,6.4,isd_lite,15.2,isd_lite,,,,,,,1015.6,isd_lite
2010,3,11.3,isd_lite,,,,,,,,,,,1018.1,isd_lite
2010,4,12.1,isd_lite,6.5,isd_lite,18.3,isd_lite,,,,,,,1014.9,isd_lite
2010,5,14.9,isd_lite,8.3,isd_lite,22.1,isd_lite,0.0,isd_lite,30.0,isd_lite,,,1016.1,isd_lite
2010,6,20.2,isd_lite,13.6,isd_lite,28.5,isd_lite,,,,,,,1013.1,isd_lite
2010,7,19.7,isd_lite,,,,,,,,,,,1010.7,isd_lite
2010,8,19.1,isd_lite,12.6,isd_lite,29.1,isd_lite,,,,,,,1010.6,isd_lite
2010,9,20.7,isd_lite,12.9,isd_lite,30.2,isd_lite,,,,,,,1011.3,isd_lite
2010,10,16.9,isd_lite,,,,,,,,,,,1016.2,isd_lite
2010,11,11.2,isd_lite,5.2,isd_lite,17.8,isd_lite,-3.0,isd_lite,26.7,isd_lite,,,1019.7,isd_lite
2010,12,9.5,isd_lite,6.2,isd_lite,13.0,isd_lite,,,,,,,1017.0,isd_lite
2011,1,6.8,isd_lite,2.8,isd_lite,11.4,isd_lite,,,,,,,1022.2,isd_lite
2011,2,8.4,isd_lite,2.7,isd_lite,14.7,isd_lite,-1.9,isd_lite,24.3,isd_lite,,,1019.3,isd_lite
2011,3,11.3,isd_lite,7.1,isd_lite,15.8,isd_lite,,,,,,,1017.6,isd_lite
2011,4,13.2,isd_lite,7.6,isd_lite,19.4,isd_lite,,,,,,,1017.5,isd_lite
2011,5,14.9,isd_lite,9.0,isd_lite,21.8,isd_lite,,,,,,,1014.8,isd_lite
2011,6,18.6,isd_lite,12.2,isd_lite,26.0,isd_lite,7.1,isd_lite,37.5,isd_lite,,,1011.6,isd_lite
2011,7,21.0,isd_lite,14.2,isd_lite,29.6,isd_lite,12.2,isd_lite,37.3,isd_lite,,,1010.5,isd_lite
2011,8,20.0,isd_lite,13.4,isd_lite,30.0,isd_lite,11.9,isd_lite,35.2,isd_lite,,,1011.2,isd_lite
2011,9,21.4,isd_lite,13.7,isd_lite,31.0,isd_lite,11.1,isd_lite,37.0,isd_lite,,,1012.3,isd_lite
2011,10,16.9,isd_lite,10.6,isd_lite,24.7,isd_lite,,,,,,,1015.5,isd_lite
2011,11,10.0,isd_lite,5.0,isd_lite,15.8,isd_lite,0.2,isd_lite,22.7,isd_lite,,,1018.8,isd_lite
2011,12,6.9,isd_lite,,,,,,,,,,,1022.6,isd_lite
2012,1,8.0,isd_lite,1.5,isd_lite,15.9,isd_lite,,,,,,,1022.2,isd_lite
2012,2,10.1,isd_lite,4.1,isd_lite,16.5,isd_lite,,,,,,,1018.8,isd_lite
2012,3,10.8,isd_lite,,,,,,,,,,,1016.8,isd_lite
2012,4,13.9,isd_lite,8.1,isd_lite,20.3,isd_lite,,,,,,,1015.9,isd_lite
2012,6,20.0,isd_lite,,,,,,,,,,,1011.4,isd_lite
2012,7,20.8,isd_lite,13.5,isd_lite,30.4,isd_lite,,,,,,,1011.5,isd_lite
2012,8,21.2,isd_lite,,,,,,,,,,,1010.3,isd_lite
2012,9,20.0,isd_lite,12.2,isd_lite,30.8,isd_lite,,,,,,,1013.0,isd_lite
2012,10,17.3,isd_lite,11.4,isd_lite,24.8,isd_lite,6.0,isd_lite,37.4,isd_lite,,,1015.1,isd_lite
2012,11,11.8,isd_lite,,,,,,,,,,,,
2012,12,8.2,isd_lite,,,,,,,,,,,,
2013,1,5.8,isd_lite,,,,,,,,,,,1023.1,isd_lite
2013,2,9.2,isd_lite,2.6,isd_lite,16.9,isd_lite,,,,,,,1021.0,isd_lite
2013,3,12.7,isd_lite,,,,,,,,,,,,
2013,4,16.8,isd_lite,,,,,,,,,,,1016.2,isd_lite
2013,5,18.8,isd_lite,,,,,,,,,,,1014.7,isd_lite
2013,6,21.3,isd_lite,,,,,,,,,,,1011.7,isd_lite
2013,7,21.2,isd_lite,14.2,isd_lite,31.1,isd_lite,,,,,,,1011.1,isd_lite
2013,8,21.0,isd_lite,,,,,,,,,,,1012.5,isd_lite
2013,9,20.4,isd_lite,14.1,isd_lite,28.6,isd_lite,,,,,,,,
2013,10,16.1,isd_lite,8.6,isd_lite,25.0,isd_lite,4.7,isd_lite,30.3,isd_lite,,,1015.3,isd_lite
2013,11,12.4,isd_lite,6.1,isd_lite,20.1,isd_lite,,,,,,,1017.9,isd_lite
2013,12,6.2,isd_lite,-0.6,isd_lite,15.1,isd_lite,,,,,,,,
2014,1,9.5,isd_lite,1.9,isd_lite,19.1,isd_lite,,,,,,,1021.4,isd_lite
2014,2,11.6,isd_lite,,,,,,,,,,,1017.4,isd_lite
2014,3,14.0,isd_lite,9.0,isd_lite,19.9,isd_lite,,,,,,,1017.9,isd_lite
2014,4,15.0,isd_lite,9.2,isd_lite,22.4,isd_lite,,,,,,,1016.1,isd_lite
2014,5,18.8,isd_lite,11.6,isd_lite,27.0,isd_lite,,,,,,,1014.8,isd_lite
2014,6,21.0,isd_lite,13.5,isd_lite,30.2,isd_lite,,,,,,,,
2014,7,22.2,isd_lite,15.6,isd_lite,31.6,isd_lite,,,,,,,1012.6,isd_lite
2014,8,21.2,isd_lite,15.1,isd_lite,30.1,isd_lite,,,,,,,1012.1,isd_lite
2014,9,21.1,isd_lite,,,,,,,,,,,,
2014,10,18.9,isd_lite,11.8,isd_lite,27.3,isd_lite,,,,,,,1014.5,isd_lite
2014,11,12.7,isd_lite,7.3,isd_lite,19.2,isd_lite,,,,,,,1019.9,isd_lite
2014,12,11.1,isd_lite,,,,,,,,,,,,
2015,1,8.5,isd_lite,,,,,,,,,,,1022.4,isd_lite
2015,2,12.4,isd_lite,7.0,isd_lite,18.4,isd_lite,,,,,,,1017.7,isd_lite
2015,3,14.7,isd_lite,,,,,,,,,,,1018.8,isd_lite
2015,4,15.2,isd_lite,,,,,,,,,,,1015.2,isd_lite
2015,5,15.7,isd_lite,10.5,isd_lite,23.0,isd_lite,,,,,,,1012.7,isd_lite
2015,6,21.3,isd_lite,14.1,isd_lite,30.9,isd_lite,,,,,,,1010.6,isd_lite
2015,7,22.1,isd_lite,16.0,isd_lite,30.6,isd_lite,14.2,isd_lite,39.9,isd_lite,,,1011.8,isd_lite
2015,8,22.2,isd_lite,15.7,isd_lite,31.2,isd_lite,,,,,,,1012.3,isd_lite
2015,9,21.7,isd_lite,14.2,isd_lite,30.7,isd_lite,10.2,isd_lite,40.8,isd_lite,,,1011.1,isd_lite
2015,10,19.9,isd_lite metar,12.9,isd_lite metar,28.5,isd_lite metar,8.0,isd_lite metar,36.0,isd_lite metar,,,1013.9,isd_lite
2015,11,10.1,isd_lite,4.1,isd_lite,17.0,isd_lite,-3.7,isd_lite,24.1,isd_lite,,,1018.9,isd_lite
2015,12,8.1,isd_lite metar,3.1,isd_lite metar,13.2,isd_lite metar,,,,,,,1020.2,isd_lite
2016,1,9.8,isd_lite,6.7,isd_lite,13.4,isd_lite,0.0,isd_lite,17.1,isd_lite,,,,
2016,2,11.6,isd_lite metar,5.3,isd_lite metar,18.9,isd_lite metar,,,,,,,1021.8,isd_lite
2016,3,13.2,isd_lite metar,8.7,isd_lite,18.4,isd_lite,,,,,,,1016.6,isd_lite
2016,4,15.8,isd_lite,9.7,isd_lite,22.5,isd_lite,3.0,isd_lite,29.8,isd_lite,,,1016.2,isd_lite
2016,5,18.1,isd_lite metar,12.0,isd_lite metar,25.4,isd_lite metar,9.4,isd_lite metar,35.7,isd_lite metar,,,1012.8,isd_lite
2016,6,21.4,isd_lite metar,13.5,isd_lite metar,30.6,isd_lite metar,9.5,isd_lite metar,39.1,isd_lite metar,,,1013.1,isd_lite
2016,7,21.6,isd_lite metar,14.0,isd_lite metar,31.5,isd_lite metar,12.0,isd_lite metar,39.8,isd_lite metar,,,1012.2,isd_lite
2016,8,20.1,isd_lite,13.5,isd_lite,30.3,isd_lite,11.6,isd_lite,37.0,isd_lite,,,1011.6,isd_lite
2016,9,20.3,isd_lite metar,12.8,isd_lite metar,29.9,isd_lite metar,8.9,isd_lite metar,37.4,isd_lite metar,,,1013.1,isd_lite
2016,10,16.5,isd_lite,10.9,isd_lite,23.2,isd_lite,6.6,isd_lite,31.9,isd_lite,,,1015.1,isd_lite
2016,11,12.0,isd_lite metar,6.8,isd_lite metar,18.2,isd_lite metar,,,,,,,1019.0,isd_lite
2016,12,7.0,isd_lite metar,2.2,isd_lite metar,13.0,isd_lite metar,-2.8,isd_lite metar,16.2,isd_lite metar,,,1020.3,isd_lite
2017,1,7.8,isd_lite,4.1,isd_lite,12.2,isd_lite,-1.1,isd_lite,15.9,isd_lite,,,1017.6,isd_lite
2017,2,10.9,isd_lite,7.0,isd_lite,15.0,isd_lite,-0.2,isd_lite,18.1,isd_lite,,,1015.7,isd_lite
2017,3,13.1,isd_lite metar,7.9,isd_lite metar,18.9,isd_lite metar,0.8,isd_lite metar,24.3,isd_lite metar,,,1019.7,isd_lite
2017,4,14.1,isd_lite,8.6,isd_lite,19.9,isd_lite,2.9,isd_lite,26.8,isd_lite,,,1017.0,isd_lite
2017,5,17.8,isd_lite,10.6,isd_lite,25.6,isd_lite,,,,,,,1012.8,isd_lite
2017,6,21.2,isd_lite,14.2,isd_lite,30.0,isd_lite,9.2,isd_lite,40.8,isd_lite,,,1011.5,isd_lite
2017,7,22.7,isd_lite,14.5,isd_lite,33.2,isd_lite,11.7,isd_lite,40.8,isd_lite,,,1012.1,isd_lite
2017,8,21.9,isd_lite metar,15.2,isd_lite metar,31.7,isd_lite metar,,,,,,,1011.0,isd_lite
2017,9,21.9,isd_lite metar,14.4,isd_lite metar,30.3,isd_lite metar,,,,,,,1011.5,isd_lite
2017,10,16.8,isd_lite,8.2,isd_lite,26.4,isd_lite,3.9,isd_lite,31.1,isd_lite,,,1015.4,isd_lite
2017,11,12.3,isd_lite,7.0,isd_lite,18.0,isd_lite,0.6,isd_lite,23.2,isd_lite,,,1018.5,isd_lite
2017,12,7.3,isd_lite metar,0.3,isd_lite metar,15.9,isd_lite metar,-4.4,isd_lite metar,19.6,isd_lite metar,,,1023.0,isd_lite
2018,1,9.2,isd_lite,4.7,isd_lite,14.1,isd_lite,-0.6,isd_lite,19.4,isd_lite,,,1021.7,isd_lite
2018,2,9.9,isd_lite metar,2.3,isd_lite,18.0,isd_lite,,,,,,,1019.7,isd_lite
2018,3,11.1,isd_lite metar,5.2,isd_lite,17.3,isd_lite,,,,,,,1017.3,isd_lite
2018,4,14.0,isd_lite metar,8.1,isd_lite metar,20.5,isd_lite metar,,,,,,,1017.5,isd_lite
2018,5,16.8,isd_lite metar,11.4,isd_lite metar,24.0,isd_lite metar,8.9,isd_lite metar,34.5,isd_lite metar,,,1013.7,isd_lite
2018,6,20.6,isd_lite,12.8,isd_lite,29.9,isd_lite,,,,,,,1011.2,isd_lite
2018,7,22.1,isd_lite metar,14.7,isd_lite metar,32.4,isd_lite metar,,,,,,,1013.0,isd_lite
2018,8,20.6,isd_lite metar,13.9,isd_lite metar,30.2,isd_lite metar,12.0,isd_lite metar,37.2,isd_lite metar,,,1012.7,isd_lite
2018,10,18.0,isd_lite,10.7,isd_lite,26.5,isd_lite,,,,,,,1014.7,isd_lite
2018,11,11.6,isd_lite,4.7,isd_lite,20.3,isd_lite,-1.9,isd_lite,30.6,isd_lite,,,1018.4,isd_lite
2018,12,9.2,isd_lite metar,4.2,isd_lite metar,14.8,isd_lite metar,0.1,isd_lite metar,18.9,isd_lite metar,,,1021.5,isd_lite
2019,1,9.7,isd_lite metar,5.1,isd_lite metar,15.9,isd_lite metar,,,,,,,1019.4,isd_lite
2019,2,8.3,isd_lite metar,4.1,isd_lite metar,13.4,isd_lite metar,-2.4,isd_lite metar,17.0,isd_lite metar,,,1015.2,isd_lite
2019,3,11.8,isd_lite metar,,,,,,,,,,,1017.9,isd_lite
2019,4,16.1,isd_lite metar,10.1,isd_lite metar,23.4,isd_lite metar,,,,,,,1016.1,isd_lite
2019,5,15.8,isd_lite metar,10.2,isd_lite metar,23.1,isd_lite metar,5.0,isd_lite metar,29.5,isd_lite metar,,,1012.6,isd_lite
2019,6,21.5,isd_lite metar,13.6,isd_lite metar,30.8,isd_lite metar,,,,,,,1012.4,isd_lite
2019,7,22.1,isd_lite metar,14.5,isd_lite metar,32.4,isd_lite metar,,,,,,,1012.9,isd_lite
2019,8,23.6,isd_lite metar,15.8,isd_lite metar,34.2,isd_lite metar,14.2,isd_lite metar,42.2,isd_lite metar,,,1012.4,isd_lite
2019,9,21.6,isd_lite metar,13.2,isd_lite metar,31.4,isd_lite metar,,,,,,,1013.1,isd_lite
2019,10,16.9,isd_lite metar,7.0,isd_lite metar,27.7,isd_lite metar,,,,,,,1016.3,isd_lite
2019,11,12.4,isd_lite metar,4.5,isd_lite metar,22.8,isd_lite metar,-0.8,isd_lite metar,28.7,isd_lite metar,,,1015.9,isd_lite
2019,12,9.6,isd_lite metar,,,,,,,,,,,1018.8,isd_lite
2020,1,8.9,isd_lite metar,3.9,isd_lite metar,15.6,isd_lite metar,-0.3,isd_lite metar,22.4,isd_lite metar,,,1023.7,isd_lite
2020,2,11.7,isd_lite metar,3.9,isd_lite metar,20.9,isd_lite metar,,,,,,,1020.7,isd_lite
2020,3,11.6,isd_lite metar,5.8,isd_lite metar,18.4,isd_lite metar,-0.8,isd_lite metar,27.0,isd_lite metar,,,1017.5,isd_lite
2020,4,15.6,isd_lite metar,8.9,isd_lite metar,23.6,isd_lite metar,,,,,,,1016.7,isd_lite
2020,5,19.5,isd_lite metar,11.7,isd_lite metar,28.5,isd_lite metar,6.1,isd_lite metar,39.8,isd_lite metar,,,1014.8,isd_lite
2020,6,22.0,isd_lite metar,13.7,isd_lite metar,31.8,isd_lite metar,10.6,isd_lite metar,39.7,isd_lite metar,,,1012.5,isd_lite
2020,7,21.7,isd_lite metar,13.7,isd_lite metar,32.7,isd_lite metar,,,,,,,1011.7,isd_lite
2020,8,24.6,isd_lite metar,16.9,isd_lite metar,35.3,isd_lite metar,,,,,,,1011.1,isd_lite
2020,9,23.1,isd_lite metar,15.3,isd_lite metar,33.7,isd_lite metar,,,,,,,1013.7,isd_lite
2020,10,20.0,isd_lite metar,11.2,isd_lite metar,31.3,isd_lite metar,2.4,isd_lite metar,38.0,isd_lite metar,,,1015.4,isd_lite
2020,11,11.5,isd_lite metar,3.5,isd_lite metar,21.1,isd_lite metar,-2.2,isd_lite metar,31.4,isd_lite metar,,,1019.7,isd_lite
2020,12,8.6,isd_lite metar,2.4,isd_lite metar,16.8,isd_lite metar,,,,,,,,
2021,1,9.5,isd_lite metar metno_forecast,4.3,isd_lite metar metno_forecast,16.6,isd_lite metar metno_forecast,-1.7,isd_lite metar metno_forecast,25.9,isd_lite metar metno_forecast,,,1020.1,isd_lite metno_forecast
2021,2,11.4,isd_lite metno_forecast metar,5.0,isd_lite metno_forecast metar,18.7,isd_lite metno_forecast metar,0.5,isd_lite metno_forecast metar,25.4,isd_lite metno_forecast metar,,,1021.2,isd_lite metno_forecast
2021,3,12.0,isd_lite metar metno_forecast,5.2,isd_lite metar metno_forecast,20.2,isd_lite metar metno_forecast,1.1,isd_lite metar metno_forecast,28.9,isd_lite metar metno_forecast,,,1019.2,isd_lite metar metno_forecast
2021,4,15.4,isd_lite metar metno_forecast,7.9,isd_lite metar metno_forecast,25.1,isd_lite metar metno_forecast,4.0,isd_lite metar metno_forecast,33.6,isd_lite metar metno_forecast,,,1015.8,isd_lite metar metno_forecast
2021,5,19.4,isd_lite metar metno_forecast,11.2,isd_lite metar metno_forecast,29.1,isd_lite metar metno_forecast,4.5,isd_lite metar metno_forecast,39.8,isd_lite metar metno_forecast,,,1014.0,isd_lite metar metno_forecast
2021,6,21.2,isd_lite metno_forecast metar,13.6,isd_lite metno_forecast metar,31.0,isd_lite metno_forecast metar,8.6,isd_lite metno_forecast metar,43.7,isd_lite metno_forecast metar,,,1011.6,isd_lite metar metno_forecast
2021,7,21.9,isd_lite metar metno_forecast,14.1,isd_lite metar metno_forecast,33.1,isd_lite metar metno_forecast,12.2,isd_lite metar metno_forecast,41.6,isd_lite metar metno_forecast,9.1,metno_forecast isd_lite,1012.0,isd_lite metar metno_forecast
2021,8,21.9,isd_lite metno_forecast metar,14.6,isd_lite metno_forecast metar,32.8,isd_lite metno_forecast metar,12.2,isd_lite metno_forecast metar,40.5,isd_lite metno_forecast metar,0.8,metno_forecast isd_lite,1010.8,isd_lite metno_forecast metar
2021,9,21.9,isd_lite metar metno_forecast,13.6,isd_lite metar metno_forecast,33.0,isd_lite metar metno_forecast,8.6,isd_lite metar metno_forecast,41.7,isd_lite metar metno_forecast,,,1013.3,isd_lite metar metno_forecast
2021,10,16.5,isd_lite metar metno_forecast,10.0,isd_lite metar metno_forecast,24.5,isd_lite metar metno_forecast,2.9,isd_lite metar metno_forecast,35.9,isd_lite metar metno_forecast,,,1016.2,isd_lite metar metno_forecast
2021,11,12.4,isd_lite metar,7.3,isd_lite metar,19.3,isd_lite metar,1.0,isd_lite metar,24.8,isd_lite metar,,,1022.0,isd_lite metar
2021,12,7.9,isd_lite metar metno_forecast,4.1,isd_lite metar metno_forecast,12.5,isd_lite metar metno_forecast,-1.6,isd_lite metar metno_forecast,20.5,isd_lite metar metno_forecast,,,1017.4,isd_lite metar metno_forecast
2022,1,8.8,isd_lite metar metno_forecast,2.9,isd_lite metar metno_forecast,17.2,isd_lite metar metno_forecast,-0.6,isd_lite metar metno_forecast,21.2,isd_lite metar metno_forecast,,,1023.4,isd_lite metar metno_forecast
2022,2,10.2,isd_lite metar metno_forecast,2.3,isd_lite metar metno_forecast,20.0,isd_lite metar metno_forecast,-5.0,isd_lite metar metno_forecast,25.5,isd_lite metar metno_forecast,,,1022.4,isd_lite metar metno_forecast
2022,3,13.6,isd_lite metar metno_forecast,6.6,isd_lite metar metno_forecast,22.0,isd_lite metar metno_forecast,-1.3,isd_lite metar metno_forecast,29.9,isd_lite metar metno_forecast,,,1018.9,isd_lite metar metno_forecast
2022,4,15.2,isd_lite metar metno_forecast,7.4,isd_lite metar metno_forecast,24.1,isd_lite metar metno_forecast,0.1,isd_lite metar metno_forecast,32.0,isd_lite metar metno_forecast,,,1017.4,isd_lite metar metno_forecast
2022,5,18.4,isd_lite metar,10.4,isd_lite metar,27.6,isd_lite metar,-0.3,isd_lite metar,39.9,isd_lite metar,,,1014.8,isd_lite metar
2022,6,22.4,isd_lite metar,14.2,isd_lite metar,32.0,isd_lite metar,11.0,isd_lite metar,41.2,isd_lite metar,,,1012.6,isd_lite metar metno_forecast
2022,7,21.2,isd_lite metar,14.0,isd_lite metar,31.4,isd_lite metar,11.9,isd_lite metar,38.7,isd_lite metar,,,1012.4,isd_lite metar
2022,8,22.8,isd_lite metar,15.3,isd_lite metar,33.6,isd_lite metar,13.4,isd_lite metar,42.0,isd_lite metar,,,1011.8,isd_lite metar
2022,9,22.9,isd_lite metar metno_forecast,15.3,isd_lite metar metno_forecast,33.0,isd_lite metar metno_forecast,11.1,isd_lite metar metno_forecast,46.4,isd_lite metar metno_forecast,,,1011.3,isd_lite metar metno_forecast
2022,10,17.8,isd_lite metar metno_forecast,10.1,isd_lite metar metno_forecast,28.1,isd_lite metar metno_forecast,2.8,isd_lite metar metno_forecast,38.1,isd_lite metar metno_forecast,0.0,metno_forecast,1015.3,isd_lite metar metno_forecast
2022,11,9.3,isd_lite metno_forecast,1.8,isd_lite metno_forecast,18.6,isd_lite metno_forecast,-3.9,isd_lite metno_forecast,22.9,isd_lite metno_forecast,,,1019.8,isd_lite metar metno_forecast
2022,12,7.2,isd_lite metar,3.1,isd_lite metar,12.4,isd_lite metar,-3.4,isd_lite metar,16.3,isd_lite metar,,,1019.2,isd_lite metar
2023,1,9.1,isd_lite metar,4.8,isd_lite metar,13.8,isd_lite metar,-1.6,isd_lite metar,19.7,isd_lite metar,,,1017.3,isd_lite metar
2023,2,8.0,isd_lite metar metno_forecast,2.3,isd_lite metar metno_forecast,15.1,isd_lite metar metno_forecast,-1.5,isd_lite metar metno_forecast,22.6,isd_lite metar metno_forecast,,,1018.3,isd_lite metar metno_forecast
2023,3,9.8,isd_lite metar,4.8,isd_lite metar,15.0,isd_lite metar,-0.4,isd_lite metar,21.7,isd_lite metar,,,1016.3,isd_lite metar
2023,4,14.0,isd_lite metar metno_forecast,7.2,isd_lite metar metno_forecast,22.0,isd_lite metar metno_forecast,0.0,isd_lite metar metno_forecast,34.1,isd_lite metar metno_forecast,,,1017.3,isd_lite metar metno_forecast
2023,5,15.9,isd_lite metar metno_forecast,10.3,isd_lite metar metno_forecast,23.4,isd_lite metar metno_forecast,5.7,isd_lite metar metno_forecast,36.3,isd_lite metar metno_forecast,,,1013.3,isd_lite metar metno_forecast
2023,6,18.2,isd_lite metar metno_forecast,12.1,isd_lite metar metno_forecast,26.4,isd_lite metar metno_forecast,7.2,isd_lite metar metno_forecast,40.0,isd_lite metar metno_forecast,,,1012.4,isd_lite metar metno_forecast
2023,7,22.6,isd_lite metar metno_forecast,14.3,isd_lite metar metno_forecast,33.3,isd_lite metar metno_forecast,11.0,isd_lite metar metno_forecast,42.0,isd_lite metar metno_forecast,0.0,metno_forecast,1011.9,isd_lite metar metno_forecast
2023,8,23.3,isd_lite metar metno_forecast,15.7,isd_lite metar metno_forecast,33.3,isd_lite metar metno_forecast,13.0,isd_lite metar metno_forecast,40.3,isd_lite metar metno_forecast,,,1012.0,isd_lite metar metno_forecast
2023,9,20.0,isd_lite metar metno_forecast,13.8,isd_lite metar metno_forecast,28.8,isd_lite metar metno_forecast,10.3,isd_lite metar metno_forecast,34.9,isd_lite metar metno_forecast,,,1013.1,isd_lite metar metno_forecast
2023,10,18.1,isd_lite metar metno_forecast,10.5,isd_lite metar metno_forecast,27.2,isd_lite metar metno_forecast,1.6,isd_lite metar metno_forecast,37.7,isd_lite metar metno_forecast,,,1014.3,isd_lite metar metno_forecast
2023,11,12.7,isd_lite metar metno_forecast,5.5,isd_lite metar metno_forecast,20.6,isd_lite metar metno_forecast,-2.1,isd_lite metar metno_forecast,28.3,isd_lite metar metno_forecast,,,1018.3,isd_lite metar metno_forecast
2023,12,10.2,isd_lite metar metno_forecast,5.1,isd_lite metar metno_forecast,16.5,isd_lite metar metno_forecast,-1.0,isd_lite metar metno_forecast,19.7,isd_lite metar metno_forecast,,,1019.6,isd_lite metar metno_forecast
2024,1,10.3,isd_lite metar metno_forecast,6.1,isd_lite metar metno_forecast,14.9,isd_lite metar metno_forecast,-2.2,isd_lite metar metno_forecast,20.8,isd_lite metar metno_forecast,,,1019.1,isd_lite metar metno_forecast
2024,2,10.7,isd_lite metar metno_forecast,6.0,isd_lite metar metno_forecast,15.9,isd_lite metar metno_forecast,0.9,isd_lite metar metno_forecast,21.2,isd_lite metar metno_forecast,,,1015.7,isd_lite metar metno_forecast
2024,3,12.2,isd_lite metno_forecast metar,7.5,isd_lite metno_forecast metar,17.8,isd_lite metno_forecast metar,2.6,isd_lite metno_forecast metar,22.9,isd_lite metno_forecast metar,,,1015.5,isd_lite metar metno_forecast
2024,4,14.2,isd_lite metar metno_forecast,7.6,isd_lite metar metno_forecast,21.5,isd_lite metar metno_forecast,1.4,isd_lite metar metno_forecast,28.8,isd_lite metar metno_forecast,,,1016.3,isd_lite metar metno_forecast
2024,5,18.1,isd_lite metar metno_forecast,10.9,isd_lite metar metno_forecast,26.7,isd_lite metar metno_forecast,5.0,isd_lite metar metno_forecast,34.3,isd_lite metar metno_forecast,,,1012.9,isd_lite metar metno_forecast
2024,6,22.0,isd_lite metar,13.9,isd_lite metar,31.8,isd_lite metar,10.8,isd_lite metar,39.0,isd_lite metar,,,1010.1,isd_lite metar
2024,7,24.7,isd_lite metar,16.3,isd_lite metar,35.6,isd_lite metar,13.4,isd_lite metar,43.5,isd_lite metar,,,1011.1,isd_lite metar metno_forecast
2024,8,22.3,isd_lite metno_forecast metar,14.7,isd_lite metno_forecast metar,32.4,isd_lite metno_forecast metar,10.4,isd_lite metno_forecast metar,38.7,isd_lite metno_forecast metar,,,1013.4,isd_lite metno_forecast metar
2024,9,21.3,isd_lite metar,13.5,isd_lite metar,31.7,isd_lite metar,10.5,isd_lite metar,38.6,isd_lite metar,,,1010.5,isd_lite metar
2024,10,19.5,isd_lite metar,11.6,isd_lite metar,29.0,isd_lite metar,5.2,isd_lite metar,40.3,isd_lite metar,,,1015.3,isd_lite metar
2024,11,11.0,isd_lite metar metno_forecast,4.4,isd_lite metar metno_forecast,17.7,isd_lite metar metno_forecast,-1.2,isd_lite metar metno_forecast,24.5,isd_lite metar metno_forecast,,,1018.1,isd_lite metar metno_forecast
2024,12,9.5,isd_lite metar metno_forecast,5.1,isd_lite metar metno_forecast,15.1,isd_lite metar metno_forecast,-2.2,isd_lite metar metno_forecast,20.0,isd_lite metar metno_forecast,,,1021.6,isd_lite metar metno_forecast
2025,1,8.6,isd_lite metar,2.5,isd_lite metar,15.9,isd_lite metar,-3.0,isd_lite metar,22.7,isd_lite metar,23.7,metno_forecast isd_lite,1023.0,isd_lite metar metno_forecast
2025,2,10.7,isd_lite metar metno_forecast,5.3,isd_lite metar ghcnd metno_forecast,16.5,isd_lite metar ghcnd metno_forecast,-0.3,isd_lite metar ghcnd metno_forecast,23.5,isd_lite metar ghcnd metno_forecast,143.6,metno_forecast isd_lite ghcnd,1018.3,isd_lite metar metno_forecast
2025,3,11.6,isd_lite metar metno_forecast,5.6,isd_lite metar metno_forecast,17.9,isd_lite metar metno_forecast,-0.4,isd_lite metar metno_forecast,28.5,isd_lite metar metno_forecast,,,1017.1,isd_lite metar metno_forecast
2025,4,14.8,isd_lite metar,8.4,isd_lite metar,22.4,isd_lite metar,0.7,isd_lite metar,29.6,isd_lite metar,12.6,metno_forecast isd_lite metar,1016.0,isd_lite metar
2025,5,19.0,isd_lite metar metno_forecast,11.7,isd_lite metar metno_forecast,27.8,isd_lite metar metno_forecast,7.9,isd_lite metar metno_forecast,37.7,isd_lite metar metno_forecast,9.4,metno_forecast metar isd_lite,1013.5,isd_lite metar metno_forecast
2025,6,19.9,isd_lite metar,12.6,isd_lite metar,29.5,isd_lite metar,8.9,isd_lite metar,35.7,isd_lite metar,0.0,metno_forecast,1011.4,isd_lite metar metno_forecast
2025,7,20.4,isd_lite metar,13.8,isd_lite metar,30.1,isd_lite metar,11.6,isd_lite metar,37.7,isd_lite metar,0.0,metno_forecast,1013.0,isd_lite metar metno_forecast
2025,8,23.0,isd_lite metar metno_forecast,15.4,isd_lite metar metno_forecast,33.5,isd_lite metar metno_forecast,13.5,isd_lite metar metno_forecast,40.0,isd_lite metar metno_forecast,2.8,metno_forecast isd_lite,1012.9,isd_lite metar metno_forecast
2025,9,22.2,metar metno_forecast,15.8,metar metno_forecast,30.5,metar metno_forecast,12.0,metar metno_forecast,40.0,metar metno_forecast,5.7,metno_forecast metar,1011.7,metar metno_forecast
