year,month,day,temp,temp_source,tmin,tmin_source,tmax,tmax_source,rhum,rhum_source,prcp,prcp_source,wspd,wspd_source,pres,pres_source,cldc,cldc_source
2025,1,1,7.4,isd_lite,2.5,isd_lite,11.1,isd_lite,84,isd_lite,0.0,metno_forecast,2.5,isd_lite,1023.1,isd_lite,3,isd_lite metno_forecast
2025,1,2,10.2,isd_lite,6.6,isd_lite,15.5,isd_lite,79,isd_lite,0.0,metno_forecast,10.0,isd_lite,1021.4,isd_lite,1,isd_lite metno_forecast
2025,1,3,10.7,isd_lite,6.8,isd_lite,15.1,isd_lite,86,isd_lite,7.6,metno_forecast isd_lite,11.5,isd_lite,1017.5,isd_lite,4,isd_lite metno_forecast
2025,1,4,8.5,isd_lite,3.7,isd_lite,14.4,isd_lite,83,isd_lite,0.0,metno_forecast,7.2,isd_lite,1024.6,isd_lite,0,isd_lite metno_forecast
2025,1,5,9.2,isd_lite,3.9,isd_lite,16.0,isd_lite,81,isd_lite,0.0,metno_forecast,4.2,isd_lite,1026.0,isd_lite,1,isd_lite metno_forecast
2025,1,6,9.2,isd_lite,4.5,isd_lite,15.3,isd_lite,86,isd_lite,0.0,metno_forecast,12.0,isd_lite,1023.2,isd_lite,2,isd_lite metno_forecast
2025,1,7,15.1,isd_lite,12.1,isd_lite,19.1,isd_lite,38,isd_lite,0.0,metno_forecast,32.0,isd_lite,1023.5,isd_lite,0,isd_lite metno_forecast
2025,1,8,12.1,isd_lite metar,4.1,isd_lite metar,18.1,isd_lite metar,48,isd_lite metar,0.0,metno_forecast,17.6,isd_lite metno_forecast,1023.4,isd_lite metar,0,isd_lite metno_forecast
2025,1,9,11.4,isd_lite,0.7,isd_lite,22.7,isd_lite,57,isd_lite,0.0,metno_forecast,13.7,isd_lite,1022.7,isd_lite,0,isd_lite metno_forecast
2025,1,10,8.9,isd_lite,2.2,isd_lite,17.9,isd_lite,77,isd_lite,0.0,metno_forecast,8.3,isd_lite,1026.0,isd_lite,0,isd_lite
2025,1,11,14.5,isd_lite,7.8,isd_lite,19.1,isd_lite,31,isd_lite,0.0,metno_forecast,29.1,isd_lite,1023.7,isd_lite,0,isd_lite
2025,1,12,12.5,isd_lite,5.8,isd_lite,18.0,isd_lite,34,isd_lite,0.0,metno_forecast,19.2,isd_lite,1021.4,isd_lite,0,isd_lite
2025,1,13,10.4,isd_lite,6.1,isd_lite,16.1,isd_lite,44,isd_lite,0.0,metno_forecast,21.3,isd_lite,1025.3,isd_lite,0,isd_lite metno_forecast
2025,1,14,6.5,isd_lite,-1.3,isd_lite,15.2,isd_lite,68,isd_lite,0.0,metno_forecast,6.5,isd_lite,1027.3,isd_lite,0,isd_lite
2025,1,15,6.6,isd_lite,-0.3,isd_lite,17.2,isd_lite,72,isd_lite,0.0,metno_forecast,6.5,isd_lite,1024.8,isd_lite,0,isd_lite
2025,1,16,7.1,isd_lite,-0.5,isd_lite,17.2,isd_lite,73,isd_lite,0.0,metno_forecast,6.9,isd_lite,1022.2,isd_lite,0,isd_lite
2025,1,17,7.0,isd_lite,0.6,isd_lite,13.7,isd_lite,81,isd_lite,0.0,metno_forecast,14.6,isd_lite,1022.5,isd_lite,0,isd_lite
2025,1,18,6.9,isd_lite,2.2,isd_lite,15.3,isd_lite,83,isd_lite,0.0,metno_forecast,10.4,isd_lite,1024.6,isd_lite,1,isd_lite metno_forecast
2025,1,19,5.5,isd_lite,-1.1,isd_lite,14.2,isd_lite,84,isd_lite,0.0,metno_forecast,9.0,isd_lite,1023.6,isd_lite,0,isd_lite
2025,1,20,8.7,isd_lite,-0.6,isd_lite,17.7,isd_lite,49,isd_lite,0.0,metno_forecast,20.3,isd_lite,1025.2,isd_lite,0,isd_lite
2025,1,21,4.6,isd_lite,-3.0,isd_lite,15.4,isd_lite,68,isd_lite,0.0,metno_forecast,8.0,isd_lite,1032.8,isd_lite,0,isd_lite
2025,1,22,5.9,isd_lite,-2.6,isd_lite,17.9,isd_lite,67,isd_lite,0.0,metno_forecast,6.9,isd_lite,1028.6,isd_lite,0,isd_lite
2025,1,23,7.1,isd_lite,-0.3,isd_lite,18.1,isd_lite,70,isd_lite,0.0,metno_forecast,7.9,isd_lite,1027.2,isd_lite metno_forecast metar,0,isd_lite metno_forecast
2025,1,24,6.9,isd_lite metar,0.8,isd_lite metar,16.0,isd_lite metar,76,isd_lite metar,0.0,metno_forecast,7.8,isd_lite metar,1017.7,isd_lite metar,1,isd_lite metno_forecast
2025,1,25,8.3,isd_lite,3.4,isd_lite,12.4,isd_lite,59,isd_lite,1.5,metno_forecast,15.0,isd_lite,1008.4,isd_lite,2,isd_lite metno_forecast
2025,1,26,9.8,isd_lite,6.6,isd_lite,14.6,isd_lite,35,isd_lite,0.0,metno_forecast,20.9,isd_lite,1017.4,isd_lite,2,isd_lite metno_forecast
2025,1,27,10.3,isd_lite,4.1,isd_lite,18.2,isd_lite,38,isd_lite,0.0,metno_forecast,11.4,isd_lite,1020.2,isd_lite,0,isd_lite
2025,1,28,6.0,isd_lite,-2.8,isd_lite,15.2,isd_lite,73,isd_lite,0.0,metno_forecast,7.8,isd_lite,1019.2,isd_lite,0,isd_lite
2025,1,29,6.0,isd_lite,0.1,isd_lite,13.2,isd_lite,85,isd_lite,0.0,metno_forecast,9.5,isd_lite,1020.6,isd_lite,2,isd_lite metno_forecast
2025,1,30,6.2,isd_lite,1.4,isd_lite,12.2,isd_lite,82,isd_lite,0.0,metno_forecast,11.5,isd_lite,1024.1,isd_lite,0,isd_lite metno_forecast
2025,1,31,8.1,isd_lite,4.2,isd_lite,10.3,isd_lite,90,isd_lite,14.6,metno_forecast isd_lite,7.5,isd_lite,1024.1,isd_lite,7,metno_forecast isd_lite
2025,2,1,11.7,isd_lite metar,9.8,isd_lite metar,14.6,isd_lite metar,93,isd_lite metar,27.1,isd_lite metno_forecast,10.8,isd_lite metno_forecast,1019.3,isd_lite metar,8,metno_forecast
2025,2,2,14.5,isd_lite,13.8,isd_lite,15.5,isd_lite,88,isd_lite,12.4,metno_forecast isd_lite,22.6,isd_lite,1015.9,isd_lite,8,metno_forecast isd_lite
2025,2,3,13.9,isd_lite,12.0,isd_lite,17.1,isd_lite,78,isd_lite,5.9,metno_forecast isd_lite,21.1,isd_lite,1011.0,isd_lite,7,metno_forecast isd_lite
2025,2,4,11.6,isd_lite,6.8,isd_lite,15.0,isd_lite,88,isd_lite,50.7,isd_lite metno_forecast,25.8,isd_lite,1005.9,isd_lite,7,metno_forecast isd_lite
2025,2,5,7.2,isd_lite,1.8,isd_lite,13.5,isd_lite,73,isd_lite,0.0,metno_forecast,8.8,isd_lite,1018.4,isd_lite,0,isd_lite
2025,2,6,8.0,isd_lite,3.2,isd_lite,14.1,isd_lite,88,isd_lite,10.7,isd_lite metno_forecast,19.0,isd_lite,1009.3,isd_lite,6,metno_forecast isd_lite
2025,2,7,10.0,isd_lite,5.0,isd_lite,14.7,isd_lite,74,isd_lite,0.0,metno_forecast,13.4,isd_lite,1019.9,isd_lite,1,isd_lite metno_forecast
2025,2,8,7.4,isd_lite,1.9,isd_lite,14.6,isd_lite,68,isd_lite,0.0,metno_forecast,9.8,isd_lite,1026.3,isd_lite,0,isd_lite
2025,2,9,6.8,isd_lite,0.9,isd_lite,14.2,isd_lite,61,isd_lite,0.0,metno_forecast,9.8,isd_lite,1022.9,isd_lite,0,isd_lite metno_forecast
2025,2,10,6.2,isd_lite,-0.1,isd_lite,14.2,isd_lite,66,isd_lite,0.0,metno_forecast,5.4,isd_lite,1020.0,isd_lite,0,isd_lite metno_forecast
2025,2,11,6.0,isd_lite,-0.3,isd_lite,10.9,isd_lite,75,isd_lite,0.0,metno_forecast,8.3,isd_lite,1016.5,isd_lite,2,isd_lite metno_forecast
2025,2,12,7.3,isd_lite,2.8,isd_lite,11.6,isd_lite,66,isd_lite,3.8,metno_forecast isd_lite,14.7,isd_lite,1011.6,isd_lite,6,metno_forecast isd_lite
2025,2,13,12.2,isd_lite,7.2,ghcnd,12.2,ghcnd,88,isd_lite,29.5,ghcnd,30.9,isd_lite,1001.1,isd_lite,8,metno_forecast
2025,2,14,11.0,isd_lite,4.4,isd_lite,15.9,isd_lite,73,isd_lite,0.3,metno_forecast isd_lite,20.9,isd_lite,1018.4,isd_lite,1,isd_lite metno_forecast
2025,2,15,8.6,isd_lite,2.5,isd_lite,15.2,isd_lite,77,isd_lite,0.0,metno_forecast,7.4,isd_lite,1026.6,isd_lite,1,isd_lite metno_forecast
2025,2,16,10.5,isd_lite,6.1,isd_lite,15.7,isd_lite,80,isd_lite,2.5,metno_forecast isd_lite,9.4,isd_lite,1021.3,isd_lite,5,metno_forecast isd_lite
2025,2,17,10.4,isd_lite,5.9,isd_lite,17.0,isd_lite,80,isd_lite,0.0,metno_forecast,11.5,isd_lite,1019.2,isd_lite,3,isd_lite metno_forecast
2025,2,18,10.3,isd_lite,3.0,isd_lite,17.0,isd_lite,77,isd_lite,0.0,metno_forecast,4.2,isd_lite,1021.4,isd_lite,2,isd_lite metno_forecast
2025,2,19,11.8,isd_lite metno_forecast metar,8.3,isd_lite metno_forecast metar,16.5,isd_lite metno_forecast metar,84,isd_lite metno_forecast metar,0.5,metno_forecast,14.0,isd_lite metno_forecast metar,1021.6,isd_lite metno_forecast metar,3,metno_forecast isd_lite
2025,2,20,13.3,isd_lite metar,8.4,isd_lite metar,20.7,isd_lite metar,60,isd_lite metar,0.0,metno_forecast,13.2,isd_lite metar,1021.4,isd_lite metar,0,isd_lite
2025,2,21,11.3,isd_lite,5.9,isd_lite,18.8,isd_lite,64,isd_lite,0.0,metno_forecast,8.3,isd_lite,1021.5,isd_lite,0,isd_lite metno_forecast
2025,2,22,12.3,isd_lite,4.1,isd_lite,20.0,isd_lite,70,isd_lite,0.0,metno_forecast,7.4,isd_lite,1024.4,isd_lite,2,isd_lite metno_forecast
2025,2,23,14.3,isd_lite,10.9,isd_lite,18.7,isd_lite,77,isd_lite,0.0,metno_forecast,16.4,isd_lite,1024.4,isd_lite,4,metno_forecast isd_lite
2025,2,24,13.8,isd_lite,10.1,isd_lite,18.5,isd_lite,85,isd_lite,0.2,metno_forecast,15.7,isd_lite,1022.6,isd_lite,5,isd_lite metno_forecast
2025,2,25,11.6,isd_lite,3.7,isd_lite,20.7,isd_lite,71,isd_lite,0.0,metno_forecast,9.9,isd_lite,1021.8,isd_lite,0,isd_lite
2025,2,26,11.5,isd_lite,2.0,isd_lite,21.0,isd_lite,70,isd_lite,0.0,metno_forecast,8.3,isd_lite,1018.7,isd_lite,0,isd_lite
2025,2,27,12.5,isd_lite,4.9,isd_lite,20.7,isd_lite,70,isd_lite,0.0,metno_forecast,12.4,isd_lite,1018.3,isd_lite,0,isd_lite
2025,2,28,14.0,isd_lite,3.5,isd_lite,23.5,isd_lite,67,isd_lite,0.0,metno_forecast,8.0,isd_lite,1013.7,isd_lite,2,isd_lite metno_forecast
2025,3,1,11.9,isd_lite,8.0,isd_lite,16.9,isd_lite,80,isd_lite,0.0,metno_forecast,25.1,isd_lite,1013.2,isd_lite,1,isd_lite metno_forecast
2025,3,2,11.4,isd_lite,8.0,isd_lite,16.3,isd_lite,68,isd_lite,0.6,metno_forecast,23.1,isd_lite,1016.5,isd_lite,1,isd_lite metno_forecast
2025,3,3,9.7,isd_lite,1.4,isd_lite,16.6,isd_lite,72,isd_lite,0.0,metno_forecast,13.6,isd_lite,1020.7,isd_lite,0,isd_lite metno_forecast
2025,3,4,10.9,isd_lite,7.2,isd_lite,15.9,isd_lite,78,isd_lite,0.5,metno_forecast,11.5,isd_lite,1022.7,isd_lite,4,isd_lite metno_forecast
2025,3,5,11.0,isd_lite,8.1,isd_lite,14.9,isd_lite,78,isd_lite,0.0,metno_forecast,15.4,isd_lite,1013.8,isd_lite,5,metno_forecast isd_lite
2025,3,6,9.3,isd_lite,4.3,isd_lite,15.1,isd_lite,71,isd_lite,0.0,metno_forecast,9.4,isd_lite,1011.3,isd_lite,1,isd_lite metno_forecast
2025,3,7,9.5,isd_lite,1.3,isd_lite,19.0,isd_lite,63,isd_lite,0.0,metno_forecast,12.1,isd_lite,1019.6,isd_lite,0,isd_lite
2025,3,8,9.4,isd_lite,-0.4,isd_lite,18.7,isd_lite,68,isd_lite,0.0,metno_forecast,5.9,isd_lite,1024.6,isd_lite,0,isd_lite
2025,3,9,9.6,isd_lite,1.3,isd_lite,18.2,isd_lite,72,isd_lite,0.0,metno_forecast,11.6,isd_lite,1020.9,isd_lite,0,isd_lite
2025,3,10,11.7,isd_lite,2.4,isd_lite,20.9,isd_lite,64,isd_lite,0.0,metno_forecast,10.6,isd_lite,1013.0,isd_lite,0,isd_lite metno_forecast
2025,3,11,12.2,isd_lite,6.7,isd_lite,18.3,isd_lite,63,isd_lite,0.0,metno_forecast,23.2,isd_lite,1009.0,isd_lite,1,isd_lite metno_forecast
2025,3,12,11.2,isd_lite,7.0,isd_lite,14.0,isd_lite,82,isd_lite,10.1,metno_forecast isd_lite,18.4,isd_lite,1007.1,isd_lite,7,metno_forecast isd_lite
2025,3,13,8.8,isd_lite,3.7,isd_lite,14.3,isd_lite,73,isd_lite,2.6,metno_forecast isd_lite,16.8,isd_lite,1009.7,isd_lite,3,metno_forecast isd_lite
2025,3,14,8.9,isd_lite,5.8,isd_lite,13.0,isd_lite,80,isd_lite,,,20.5,isd_lite,1011.1,isd_lite,,
2025,3,15,10.9,isd_lite,6.0,isd_lite,16.0,isd_lite,74,isd_lite,,,14.1,isd_lite,1019.6,isd_lite,,
2025,3,16,11.2,isd_lite,3.7,isd_lite,16.8,isd_lite,78,isd_lite,,,18.7,isd_lite,1018.3,isd_lite,,
2025,3,17,11.0,isd_lite,5.7,isd_lite,15.3,isd_lite,79,isd_lite,,,19.5,isd_lite,1016.3,isd_lite,,
2025,3,18,8.6,isd_lite,0.1,isd_lite,16.1,isd_lite,70,isd_lite,,,6.9,isd_lite,1028.1,isd_lite,0,isd_lite metno_forecast
2025,3,19,9.0,isd_lite,1.0,isd_lite,16.9,isd_lite,71,isd_lite,,,11.3,isd_lite,1026.8,isd_lite,,
2025,3,20,11.0,isd_lite,3.4,isd_lite,17.4,isd_lite,73,isd_lite,,,10.4,isd_lite,1024.8,isd_lite,,
2025,3,21,11.4,isd_lite,5.2,isd_lite,18.1,isd_lite,72,isd_lite,,,11.2,isd_lite,1021.6,isd_lite,4,metno_forecast isd_lite
2025,3,22,13.3,isd_lite,8.7,isd_lite,18.9,isd_lite,75,isd_lite,0.0,metno_forecast,13.6,isd_lite,1019.9,isd_lite,3,isd_lite metno_forecast
2025,3,23,14.8,isd_lite,8.2,isd_lite,23.2,isd_lite,74,isd_lite,0.0,metno_forecast,11.4,isd_lite,1019.4,isd_lite,0,isd_lite
2025,3,24,16.2,isd_lite,6.3,isd_lite,26.1,isd_lite,77,isd_lite,0.0,metno_forecast,5.9,isd_lite,1018.8,isd_lite,0,isd_lite
2025,3,25,18.1,isd_lite,8.3,isd_lite,28.5,isd_lite,75,isd_lite,0.0,metno_forecast,6.3,isd_lite,1014.0,isd_lite,0,isd_lite metno_forecast
2025,3,26,14.9,isd_lite,12.3,isd_lite,18.8,isd_lite,78,isd_lite,0.0,metno_forecast,29.1,isd_lite,1013.2,isd_lite,5,metno_forecast isd_lite
2025,3,27,14.5,isd_lite metno_forecast metar,11.0,isd_lite metno_forecast metar,19.3,isd_lite metno_forecast metar,77,isd_lite metno_forecast metar,1.0,metno_forecast isd_lite,20.0,isd_lite metno_forecast metar,1015.9,isd_lite metno_forecast metar,5,metno_forecast
2025,3,28,12.9,isd_lite metar,8.4,isd_lite metar,17.0,isd_lite metar,74,isd_lite metar,0.4,metno_forecast,17.5,isd_lite metar,1017.2,isd_lite metar,4,metno_forecast isd_lite
2025,3,29,11.1,isd_lite,2.7,isd_lite,17.7,isd_lite,69,isd_lite,0.4,metno_forecast,10.3,isd_lite,1016.5,isd_lite,2,isd_lite metno_forecast
2025,3,30,13.5,isd_lite,9.0,isd_lite,20.2,isd_lite,74,isd_lite,7.2,metno_forecast isd_lite,21.6,isd_lite,1011.7,isd_lite,5,metno_forecast isd_lite
2025,3,31,12.7,isd_lite,9.0,isd_lite,17.2,isd_lite,74,isd_lite,3.4,metno_forecast isd_lite,25.2,isd_lite,1014.3,isd_lite,4,metno_forecast isd_lite
2025,4,1,10.6,isd_lite,7.1,isd_lite,15.9,isd_lite,77,isd_lite,4.9,metno_forecast isd_lite,19.7,isd_lite,1014.0,isd_lite,4,metno_forecast isd_lite
2025,4,2,9.8,isd_lite,0.7,isd_lite,17.7,isd_lite,69,isd_lite,0.2,metno_forecast,10.4,isd_lite,1012.4,isd_lite,0,isd_lite metno_forecast
2025,4,3,11.4,isd_lite,4.9,isd_lite,19.1,isd_lite,69,isd_lite,0.0,metno_forecast,11.8,isd_lite,1015.0,isd_lite,0,isd_lite
2025,4,4,12.8,isd_lite,2.3,isd_lite,22.3,isd_lite,59,isd_lite,0.0,metno_forecast,14.8,isd_lite,1021.0,isd_lite,0,isd_lite
2025,4,5,14.4,isd_lite,6.4,isd_lite,23.2,isd_lite,60,isd_lite,0.0,metno_forecast,9.5,isd_lite,1024.3,isd_lite,0,isd_lite
2025,4,6,15.1,isd_lite,9.0,isd_lite,22.4,isd_lite,62,isd_lite,0.0,metno_forecast,16.2,isd_lite,1022.5,isd_lite,0,isd_lite
2025,4,7,15.7,isd_lite,11.8,isd_lite,20.9,isd_lite,73,isd_lite,5.1,metno_forecast,20.4,isd_lite,1020.3,isd_lite,5,metno_forecast isd_lite
2025,4,8,14.6,isd_lite,9.1,isd_lite,21.9,isd_lite,72,isd_lite,0.0,metno_forecast,14.2,isd_lite,1020.3,isd_lite,0,isd_lite
2025,4,9,17.0,isd_lite,7.7,isd_lite,26.7,isd_lite,67,isd_lite,0.0,metno_forecast,11.4,isd_lite,1020.0,isd_lite,0,isd_lite
2025,4,10,16.6,isd_lite,9.3,isd_lite,24.5,isd_lite,70,isd_lite,0.0,metno_forecast,18.7,isd_lite,1020.9,isd_lite,2,isd_lite metno_forecast
2025,4,11,17.7,isd_lite,12.7,isd_lite,24.9,isd_lite,69,isd_lite,0.0,metno_forecast,19.9,isd_lite,1017.9,isd_lite,3,isd_lite metno_forecast
2025,4,12,14.7,isd_lite,8.1,isd_lite,22.0,isd_lite,68,isd_lite,0.0,metno_forecast,23.3,isd_lite,1015.2,isd_lite,0,isd_lite
2025,4,13,17.3,isd_lite,7.2,isd_lite,27.8,isd_lite,57,isd_lite,0.0,metno_forecast,15.3,isd_lite,1013.7,isd_lite,0,isd_lite
2025,4,14,17.6,isd_lite,7.3,isd_lite,29.0,isd_lite,59,isd_lite,0.0,metno_forecast,13.3,isd_lite,1012.4,isd_lite,0,isd_lite
2025,4,15,13.8,isd_lite,10.0,isd_lite,19.1,isd_lite,72,isd_lite,0.0,metno_forecast,37.9,isd_lite,1013.4,isd_lite,2,isd_lite metno_forecast metar
2025,4,16,13.8,isd_lite,10.3,isd_lite,18.7,isd_lite,68,isd_lite,0.0,metno_forecast,33.2,isd_lite,1012.4,isd_lite,1,isd_lite metar
2025,4,17,14.3,isd_lite,11.3,isd_lite,19.9,isd_lite,72,isd_lite,0.0,metno_forecast,16.3,isd_lite,1013.9,isd_lite,4,metar isd_lite metno_forecast
2025,4,18,16.0,isd_lite,10.0,isd_lite,25.7,isd_lite,64,isd_lite,0.0,metno_forecast,18.1,isd_lite,1014.6,isd_lite,0,isd_lite metar metno_forecast
2025,4,19,14.5,isd_lite,9.2,isd_lite,21.5,isd_lite,74,isd_lite,0.0,metno_forecast,25.4,isd_lite,1018.0,isd_lite,0,isd_lite
2025,4,20,15.2,isd_lite,8.5,isd_lite,25.1,isd_lite,72,isd_lite,0.0,metno_forecast,21.7,isd_lite,1017.1,isd_lite,0,isd_lite
2025,4,21,18.1,isd_lite,9.6,isd_lite,28.1,isd_lite,63,isd_lite,0.0,metno_forecast,16.8,isd_lite,1013.9,isd_lite,0,isd_lite metno_forecast
2025,4,22,16.9,isd_lite,11.1,isd_lite,25.2,isd_lite,66,isd_lite,0.0,metno_forecast,26.8,isd_lite,1011.1,isd_lite,0,isd_lite
2025,4,23,13.5,isd_lite,9.2,isd_lite,19.9,isd_lite,70,isd_lite,0.0,metno_forecast,31.6,isd_lite,1012.1,isd_lite,0,isd_lite
2025,4,24,12.7,isd_lite,9.8,isd_lite,17.1,isd_lite,70,isd_lite,0.0,metno_forecast,30.3,isd_lite,1013.9,isd_lite,4,metar isd_lite metno_forecast
2025,4,25,12.8,isd_lite,9.1,isd_lite,17.6,isd_lite,64,isd_lite,0.0,metno_forecast,21.0,isd_lite,1013.1,isd_lite,5,metar isd_lite metno_forecast
2025,4,26,11.9,isd_lite,7.8,isd_lite,17.0,isd_lite,73,isd_lite,0.0,metno_forecast metar,10.9,isd_lite,1012.2,isd_lite,4,metar isd_lite metno_forecast
2025,4,27,12.4,isd_lite,8.5,isd_lite,16.8,isd_lite,80,isd_lite,2.4,metno_forecast isd_lite metar,6.9,isd_lite,1016.9,isd_lite,4,metar isd_lite metno_forecast
2025,4,28,14.6,isd_lite,3.6,isd_lite,24.7,isd_lite,69,isd_lite,0.0,metno_forecast,12.2,isd_lite,1019.5,isd_lite,0,isd_lite metar metno_forecast
2025,4,29,17.8,isd_lite metar,9.6,isd_lite metar,28.5,isd_lite metar,65,isd_lite metar,0.0,metno_forecast,17.3,isd_lite metar,1016.5,isd_lite metar,0,isd_lite metno_forecast metar
2025,4,30,19.0,isd_lite,11.2,isd_lite,29.6,isd_lite,64,isd_lite,0.0,metno_forecast,18.7,isd_lite,1012.5,isd_lite,1,isd_lite metno_forecast
2025,5,1,16.4,isd_lite,10.9,isd_lite,25.2,isd_lite,69,isd_lite,0.0,metno_forecast,30.9,isd_lite,1011.9,isd_lite,0,isd_lite metno_forecast metar
2025,5,2,14.8,isd_lite,9.8,isd_lite,22.9,isd_lite,71,isd_lite,0.0,metno_forecast,37.4,isd_lite,1013.1,isd_lite,2,isd_lite metar metno_forecast
2025,5,3,15.6,isd_lite,11.7,isd_lite,22.3,isd_lite,68,isd_lite,0.0,metno_forecast metar,29.8,isd_lite,1011.9,isd_lite,1,isd_lite metar metno_forecast
2025,5,4,18.4,isd_lite,8.7,isd_lite,27.2,isd_lite,47,isd_lite,0.0,metno_forecast,17.8,isd_lite,1008.0,isd_lite,0,isd_lite metar metno_forecast
2025,5,5,23.3,isd_lite,19.0,isd_lite,29.6,isd_lite,17,isd_lite,0.0,metno_forecast,33.9,isd_lite,1008.0,isd_lite,0,isd_lite metno_forecast
2025,5,6,20.0,isd_lite metar,11.7,isd_lite metar,30.0,isd_lite metar,45,isd_lite metar,0.0,metno_forecast,20.2,isd_lite metar,1010.0,isd_lite metar,0,isd_lite metno_forecast
2025,5,7,15.8,isd_lite,11.7,isd_lite,22.1,isd_lite,68,isd_lite,0.0,metno_forecast,35.7,isd_lite,1015.3,isd_lite,0,isd_lite metar metno_forecast
2025,5,8,19.1,isd_lite,10.5,isd_lite,30.5,isd_lite,60,isd_lite,0.0,metno_forecast,13.5,isd_lite,1017.9,isd_lite,0,isd_lite metar
2025,5,9,22.1,isd_lite,10.4,isd_lite,34.5,isd_lite,46,isd_lite metar,0.0,metno_forecast,11.3,isd_lite,1016.5,isd_lite,0,isd_lite metno_forecast
2025,5,10,22.1,isd_lite,13.0,isd_lite,32.7,isd_lite,39,isd_lite,0.0,metno_forecast,20.5,isd_lite,1012.7,isd_lite,0,isd_lite
2025,5,11,16.5,isd_lite,11.7,isd_lite,22.4,isd_lite,53,isd_lite,0.0,metno_forecast,32.1,isd_lite,1013.6,isd_lite,0,isd_lite metno_forecast
2025,5,12,14.1,isd_lite,10.1,isd_lite,19.3,isd_lite,74,isd_lite,9.4,metno_forecast isd_lite metar,20.8,isd_lite,1013.2,isd_lite,3,metar isd_lite metno_forecast
2025,5,13,15.7,isd_lite metno_forecast metar,7.9,isd_lite metno_forecast metar,22.5,isd_lite metno_forecast metar,64,isd_lite metno_forecast metar,0.0,metno_forecast metar,15.4,isd_lite metno_forecast metar,1016.0,isd_lite metno_forecast metar,2,metar isd_lite metno_forecast
2025,5,14,17.9,isd_lite,10.2,isd_lite,26.6,isd_lite,59,isd_lite,0.0,metno_forecast,16.1,isd_lite,1016.6,isd_lite,0,isd_lite metno_forecast
2025,5,15,19.4,isd_lite,10.9,isd_lite,28.7,isd_lite,56,isd_lite,0.0,metno_forecast,17.4,isd_lite,1014.5,isd_lite,0,isd_lite
2025,5,16,19.7,isd_lite,11.9,isd_lite,29.2,isd_lite,56,isd_lite,0.0,metno_forecast,20.9,isd_lite,1011.5,isd_lite,0,isd_lite metar metno_forecast
2025,5,17,17.9,isd_lite,13.0,isd_lite,24.6,isd_lite,58,isd_lite,0.0,metno_forecast,31.0,isd_lite,1011.2,isd_lite,0,isd_lite metno_forecast metar
2025,5,18,19.5,isd_lite,10.5,isd_lite,28.7,isd_lite,49,isd_lite,0.0,metno_forecast,18.8,isd_lite,1015.3,isd_lite,0,isd_lite metar metno_forecast
2025,5,19,21.4,isd_lite,12.1,isd_lite,31.1,isd_lite,49,isd_lite,0.0,metno_forecast,19.2,isd_lite,1016.8,isd_lite,0,isd_lite metno_forecast
2025,5,20,20.8,isd_lite,12.5,isd_lite,29.9,isd_lite,46,isd_lite,0.0,metno_forecast,15.7,isd_lite,1016.0,isd_lite,0,isd_lite
2025,5,21,21.4,isd_lite,11.7,isd_lite,32.4,isd_lite,48,isd_lite,0.0,metno_forecast,19.2,isd_lite,1013.6,isd_lite,0,isd_lite metno_forecast
2025,5,22,18.7,isd_lite metar,12.0,isd_lite metar,27.4,isd_lite metar,48,isd_lite metar,0.0,metno_forecast,30.8,isd_lite metar,1014.0,isd_lite metar,0,isd_lite metno_forecast
2025,5,23,16.9,isd_lite,10.4,isd_lite,25.9,isd_lite,61,isd_lite,0.0,metno_forecast,27.3,isd_lite,1013.8,isd_lite,0,isd_lite metno_forecast
2025,5,24,17.1,isd_lite,11.0,isd_lite,25.5,isd_lite,64,isd_lite,0.0,metno_forecast,33.8,isd_lite,1013.2,isd_lite,0,isd_lite
2025,5,25,16.1,isd_lite metar,10.5,isd_lite metar,23.8,isd_lite metar,64,isd_lite metar,0.0,metno_forecast,37.0,isd_lite metar,1015.1,isd_lite metar,1,isd_lite metar metno_forecast
2025,5,26,18.0,isd_lite,11.9,isd_lite,24.8,isd_lite,61,isd_lite,0.0,metno_forecast,26.4,isd_lite,1016.1,isd_lite,0,isd_lite metno_forecast
2025,5,27,19.8,isd_lite,12.0,isd_lite,30.3,isd_lite,61,isd_lite,0.0,metno_forecast,24.9,isd_lite,1013.4,isd_lite,0,isd_lite metno_forecast
2025,5,28,17.3,isd_lite,11.6,isd_lite,24.7,isd_lite,64,isd_lite,0.0,metno_forecast,37.3,isd_lite,1013.3,isd_lite,0,isd_lite metno_forecast
2025,5,29,21.1,isd_lite,11.6,isd_lite,32.5,isd_lite,53,isd_lite,0.0,metno_forecast,21.7,isd_lite,1014.2,isd_lite,0,isd_lite metar metno_forecast
2025,5,30,25.2,isd_lite,13.9,isd_lite,37.7,isd_lite,52,isd_lite,0.0,metno_forecast,19.8,isd_lite,1013.0,isd_lite,0,isd_lite metar metno_forecast
2025,5,31,26.2,isd_lite,17.7,isd_lite,37.1,isd_lite,43,isd_lite,0.0,metno_forecast,23.2,isd_lite,1010.0,isd_lite,0,isd_lite metno_forecast metar
2025,6,1,18.7,isd_lite,13.1,isd_lite,25.1,isd_lite,60,isd_lite,0.0,metno_forecast,41.9,isd_lite,1008.1,isd_lite,0,isd_lite metar metno_forecast
2025,6,2,19.0,isd_lite,12.0,isd_lite,28.5,isd_lite,59,isd_lite,0.0,metno_forecast,31.8,isd_lite,1010.8,isd_lite,0,isd_lite metar metno_forecast
2025,6,3,19.5,isd_lite,12.1,isd_lite,29.4,isd_lite,58,isd_lite,0.0,metno_forecast,34.6,isd_lite,1012.0,isd_lite,0,isd_lite metar metno_forecast
2025,6,4,20.0,isd_lite,12.7,isd_lite,31.0,isd_lite,60,isd_lite,0.0,metno_forecast,31.6,isd_lite,1008.8,isd_lite,0,isd_lite metar metno_forecast
2025,6,5,18.0,isd_lite,13.2,isd_lite,25.8,isd_lite,67,isd_lite,0.0,metno_forecast,40.3,isd_lite,1009.0,isd_lite,0,isd_lite metar metno_forecast
2025,6,6,19.5,isd_lite,12.4,isd_lite,29.7,isd_lite,63,isd_lite,0.0,metno_forecast,31.8,isd_lite,1011.0,isd_lite,0,isd_lite metno_forecast
2025,6,7,19.0,isd_lite,12.5,isd_lite,28.8,isd_lite,65,isd_lite,0.0,metno_forecast,37.4,isd_lite,1012.2,isd_lite,0,isd_lite metno_forecast
2025,6,8,18.2,isd_lite metar,11.9,isd_lite metar,28.0,isd_lite metar,66,isd_lite metar,0.0,metno_forecast,35.6,isd_lite metar,1012.6,isd_lite metar metno_forecast,1,isd_lite metno_forecast metar
2025,6,9,18.8,isd_lite metar,12.6,isd_lite metar,28.0,isd_lite metar,66,isd_lite metar,0.0,metno_forecast,41.3,isd_lite metar,1010.8,isd_lite metar,0,isd_lite metno_forecast
2025,6,10,17.7,isd_lite metar,12.3,isd_lite metar,26.0,isd_lite metar,68,isd_lite metar,0.0,metno_forecast,40.5,isd_lite metar,1011.8,isd_lite metar,0,isd_lite metno_forecast metar
2025,6,11,16.9,isd_lite,11.2,isd_lite,25.3,isd_lite,63,isd_lite,0.0,metno_forecast,41.2,isd_lite,1012.4,isd_lite,0,isd_lite metno_forecast metar
2025,6,12,18.3,isd_lite,11.3,isd_lite,28.0,isd_lite,59,isd_lite,0.0,metno_forecast,32.1,isd_lite,1011.2,isd_lite,0,isd_lite metar metno_forecast
2025,6,13,18.1,isd_lite,10.9,isd_lite,27.5,isd_lite,58,isd_lite,0.0,metno_forecast,37.3,isd_lite,1011.2,isd_lite,0,isd_lite metar metno_forecast
2025,6,14,19.1,isd_lite,11.9,isd_lite,29.0,isd_lite,54,isd_lite,0.0,metno_forecast,29.2,isd_lite,1013.0,isd_lite,0,isd_lite metar metno_forecast
2025,6,15,19.8,isd_lite,11.6,isd_lite,31.9,isd_lite,56,isd_lite,0.0,metno_forecast,21.5,isd_lite,1013.9,isd_lite,0,isd_lite metar metno_forecast
2025,6,16,18.7,isd_lite,11.5,isd_lite,28.2,isd_lite,57,isd_lite,0.0,metno_forecast,35.6,isd_lite,1014.1,isd_lite,0,isd_lite metar metno_forecast
2025,6,17,21.9,isd_lite,13.2,isd_lite,32.0,isd_lite,45,isd_lite,0.0,metno_forecast,24.2,isd_lite,1012.9,isd_lite,0,isd_lite metar
2025,6,18,23.6,isd_lite,14.0,isd_lite,35.4,isd_lite,48,isd_lite,0.0,metno_forecast,27.5,isd_lite,1009.6,isd_lite,0,isd_lite metno_forecast
2025,6,19,19.6,isd_lite,13.9,isd_lite,26.9,isd_lite,52,isd_lite,0.0,metno_forecast,43.1,isd_lite,1007.7,isd_lite,0,isd_lite metar metno_forecast
2025,6,20,18.2,isd_lite,11.2,isd_lite,26.5,isd_lite,51,isd_lite,0.0,metno_forecast,37.0,isd_lite,1010.1,isd_lite,0,isd_lite metno_forecast metar
2025,6,21,19.3,isd_lite,8.9,isd_lite,27.2,isd_lite,42,isd_lite,0.0,metno_forecast,15.1,isd_lite,1013.9,isd_lite,0,isd_lite metar metno_forecast
2025,6,22,20.6,isd_lite,12.2,isd_lite,29.0,isd_lite,43,isd_lite,0.0,metno_forecast,13.6,isd_lite,1014.0,isd_lite,0,isd_lite metno_forecast
2025,6,23,21.8,isd_lite,13.6,isd_lite,32.9,isd_lite,52,isd_lite,0.0,metno_forecast,20.0,isd_lite,1011.3,isd_lite,0,isd_lite metar metno_forecast
2025,6,24,17.8,isd_lite metar,12.2,isd_lite metar,26.1,isd_lite metar,66,isd_lite metar,0.0,metno_forecast,38.9,isd_lite metar,1012.6,isd_lite metar,0,isd_lite metar metno_forecast
2025,6,25,18.9,isd_lite,11.8,isd_lite,30.4,isd_lite,64,isd_lite,0.0,metno_forecast,33.2,isd_lite,1013.6,isd_lite,0,isd_lite metar metno_forecast
2025,6,26,20.7,isd_lite,12.5,isd_lite,31.5,isd_lite,58,isd_lite,0.0,metno_forecast,29.4,isd_lite,1011.6,isd_lite,0,isd_lite metar metno_forecast
2025,6,27,23.9,isd_lite,14.5,isd_lite,35.7,isd_lite,52,isd_lite,0.0,metno_forecast,20.1,isd_lite,1010.5,isd_lite,0,isd_lite metar metno_forecast
2025,6,28,24.7,isd_lite,16.0,isd_lite,35.6,isd_lite,50,isd_lite,0.0,metno_forecast,23.0,isd_lite,1011.5,isd_lite,0,isd_lite metar metno_forecast
2025,6,29,24.2,isd_lite,17.5,isd_lite,33.1,isd_lite,45,isd_lite,0.0,metno_forecast,32.5,isd_lite,1011.0,isd_lite,0,isd_lite metar metno_forecast
2025,6,30,22.3,isd_lite,14.7,isd_lite,33.0,isd_lite,54,isd_lite,0.0,metno_forecast,32.4,isd_lite metar,1009.3,isd_lite metar,0,isd_lite metar metno_forecast
2025,7,1,21.1,isd_lite,13.1,isd_lite,32.5,isd_lite,61,isd_lite,0.0,metno_forecast,36.9,isd_lite,1008.4,isd_lite metar,0,isd_lite metar metno_forecast
2025,7,2,21.2,isd_lite metar,14.0,isd_lite metar,32.3,isd_lite metar,61,isd_lite metar,0.0,metno_forecast,35.4,isd_lite metar,1007.8,isd_lite metar,0,isd_lite metno_forecast
2025,7,3,19.5,isd_lite,13.7,isd_lite,27.4,isd_lite,59,isd_lite,0.0,metno_forecast,39.7,isd_lite,1009.0,isd_lite,0,isd_lite metar metno_forecast
2025,7,4,19.5,isd_lite,13.2,isd_lite,28.2,isd_lite,54,isd_lite,0.0,metno_forecast,36.9,isd_lite,1015.1,isd_lite,0,isd_lite metno_forecast
2025,7,5,20.0,isd_lite,11.6,isd_lite,30.9,isd_lite,56,isd_lite,0.0,metno_forecast,21.2,isd_lite,1017.1,isd_lite,0,isd_lite metno_forecast
2025,7,6,21.3,isd_lite,12.4,isd_lite,33.6,isd_lite,55,isd_lite,0.0,metno_forecast,23.7,isd_lite,1013.0,isd_lite,0,isd_lite metno_forecast
2025,7,7,19.4,isd_lite,13.0,isd_lite,29.7,isd_lite,61,isd_lite,0.0,metno_forecast,37.1,isd_lite,1011.4,isd_lite,0,isd_lite
2025,7,8,20.1,isd_lite,13.6,isd_lite,28.6,isd_lite,56,isd_lite,0.0,metno_forecast,33.6,isd_lite,1016.7,isd_lite,0,isd_lite metno_forecast
2025,7,9,20.9,isd_lite,13.5,isd_lite,31.5,isd_lite,59,isd_lite,0.0,metno_forecast,24.2,isd_lite,1017.9,isd_lite,0,isd_lite metar metno_forecast
2025,7,10,25.1,isd_lite,14.2,isd_lite,37.3,isd_lite,50,isd_lite,0.0,metno_forecast,22.6,isd_lite,1013.3,isd_lite,0,isd_lite metar metno_forecast
2025,7,11,25.3,isd_lite,16.2,isd_lite,37.7,isd_lite,50,isd_lite,0.0,metno_forecast,24.4,isd_lite,1009.8,isd_lite,0,isd_lite metno_forecast
2025,7,12,22.2,isd_lite,15.1,isd_lite,32.0,isd_lite,57,isd_lite,0.0,metno_forecast,36.4,isd_lite,1010.9,isd_lite,0,isd_lite
2025,7,13,21.3,isd_lite,13.8,isd_lite,31.9,isd_lite,60,isd_lite,0.0,metno_forecast,36.2,isd_lite,1012.4,isd_lite,0,isd_lite metno_forecast
2025,7,14,22.3,isd_lite,13.8,isd_lite,35.1,isd_lite,55,isd_lite,0.0,metno_forecast,31.8,isd_lite,1011.0,isd_lite,0,isd_lite metno_forecast
2025,7,15,18.8,isd_lite metar,13.1,isd_lite metar,26.3,isd_lite metar,66,isd_lite metar,0.0,metno_forecast,42.8,isd_lite metar,1009.6,isd_lite metar,0,isd_lite metno_forecast
2025,7,16,18.9,isd_lite,14.3,isd_lite,26.2,isd_lite,64,isd_lite,0.0,metno_forecast,37.5,isd_lite,1011.0,isd_lite,0,isd_lite
2025,7,17,19.6,isd_lite,13.2,isd_lite,29.7,isd_lite,63,isd_lite,0.0,metno_forecast,31.9,isd_lite,1012.0,isd_lite,1,isd_lite metar
2025,7,18,19.6,isd_lite,12.7,isd_lite,29.4,isd_lite,64,isd_lite,0.0,metno_forecast,34.6,isd_lite,1013.5,isd_lite,0,isd_lite
2025,7,19,19.4,isd_lite,12.9,isd_lite,30.4,isd_lite,66,isd_lite,0.0,metno_forecast,37.6,isd_lite,1013.8,isd_lite,1,isd_lite metar metno_forecast
2025,7,20,19.0,isd_lite,13.3,isd_lite,27.6,isd_lite,68,isd_lite,0.0,metno_forecast,37.8,isd_lite,1011.8,isd_lite,0,isd_lite
2025,7,21,19.2,isd_lite,14.8,isd_lite,25.8,isd_lite,66,isd_lite,0.0,metno_forecast,37.7,isd_lite,1011.5,isd_lite,3,isd_lite metar
2025,7,22,19.0,isd_lite,14.7,isd_lite,25.9,isd_lite,65,isd_lite,0.0,metno_forecast,32.1,isd_lite,1013.4,isd_lite,3,metar isd_lite metno_forecast
2025,7,23,19.0,isd_lite,13.6,isd_lite,27.2,isd_lite,64,isd_lite,0.0,metno_forecast,32.1,isd_lite,1015.9,isd_lite,1,isd_lite metar metno_forecast
2025,7,24,19.3,isd_lite,13.6,isd_lite,28.2,isd_lite,64,isd_lite,0.0,metno_forecast,33.4,isd_lite,1016.9,isd_lite,0,isd_lite metno_forecast metar
2025,7,25,18.4,isd_lite,13.5,isd_lite,26.4,isd_lite,69,isd_lite,0.0,metno_forecast,41.6,isd_lite,1014.0,isd_lite,1,isd_lite metno_forecast
2025,7,26,18.6,isd_lite,13.9,isd_lite,27.2,isd_lite,67,isd_lite,0.0,metno_forecast,38.9,isd_lite,1013.3,isd_lite,2,isd_lite metar metno_forecast
2025,7,27,19.1,isd_lite,13.5,isd_lite,26.9,isd_lite,67,isd_lite,0.0,metno_forecast,35.0,isd_lite,1014.0,isd_lite,2,isd_lite metar metno_forecast
2025,7,28,21.8,isd_lite metar,14.7,isd_lite metar,32.0,isd_lite metar,58,isd_lite metar,0.0,metno_forecast,28.2,isd_lite metar,1015.2,isd_lite metno_forecast,0,isd_lite metno_forecast
2025,7,29,22.4,isd_lite,15.3,isd_lite,34.3,isd_lite,57,isd_lite,0.0,metno_forecast,31.3,isd_lite,1015.4,isd_lite,0,isd_lite
2025,7,30,19.9,isd_lite,14.6,isd_lite,28.7,isd_lite,66,isd_lite,0.0,metno_forecast,35.1,isd_lite,1014.2,isd_lite,0,isd_lite
2025,7,31,21.9,isd_lite,14.3,isd_lite,33.5,isd_lite,63,isd_lite,0.0,metno_forecast,27.3,isd_lite,1014.1,isd_lite,0,isd_lite
2025,8,1,20.9,isd_lite,14.0,isd_lite,31.5,isd_lite,65,isd_lite,0.0,metno_forecast,31.3,isd_lite,1015.9,isd_lite,0,isd_lite
2025,8,2,21.3,isd_lite,13.9,isd_lite,31.7,isd_lite,61,isd_lite,0.0,metno_forecast,31.9,isd_lite,1017.7,isd_lite,0,isd_lite
2025,8,3,21.3,isd_lite,14.4,isd_lite,30.7,isd_lite,58,isd_lite,0.0,metno_forecast,34.9,isd_lite,1014.8,isd_lite,0,isd_lite
2025,8,4,21.9,isd_lite,14.8,isd_lite,31.8,isd_lite,45,isd_lite,0.0,metno_forecast,30.9,isd_lite,1013.5,isd_lite,0,isd_lite
2025,8,5,21.8,isd_lite metar,14.7,isd_lite metar,31.7,isd_lite metar,53,isd_lite metar,0.0,metno_forecast,27.0,isd_lite metar,1014.9,isd_lite metar,0,isd_lite metno_forecast
2025,8,6,24.8,isd_lite,14.9,isd_lite,36.7,isd_lite,49,isd_lite,0.0,metno_forecast,17.4,isd_lite,1015.5,isd_lite,0,isd_lite
2025,8,7,25.2,isd_lite,17.6,isd_lite,35.6,isd_lite,50,isd_lite,0.0,metno_forecast,19.0,isd_lite,1013.6,isd_lite,0,isd_lite metno_forecast
2025,8,8,26.2,isd_lite,15.5,isd_lite,38.8,isd_lite,50,isd_lite,0.0,metno_forecast,14.8,isd_lite,1010.6,isd_lite,0,isd_lite
2025,8,9,26.1,isd_lite,17.4,isd_lite,38.7,isd_lite,48,isd_lite,0.0,metno_forecast,25.3,isd_lite,1010.0,isd_lite,0,isd_lite
2025,8,10,23.6,isd_lite,15.5,isd_lite,35.5,isd_lite,55,isd_lite,0.0,metno_forecast,30.9,isd_lite,1011.8,isd_lite,0,isd_lite
2025,8,11,21.0,isd_lite,14.4,isd_lite,31.1,isd_lite,63,isd_lite,0.0,metno_forecast,39.5,isd_lite,1012.6,isd_lite,0,isd_lite
2025,8,12,20.2,isd_lite,13.9,isd_lite,29.9,isd_lite,66,isd_lite,0.0,metno_forecast,41.1,isd_lite,1011.2,isd_lite,0,isd_lite
2025,8,13,19.9,isd_lite,14.2,isd_lite,28.3,isd_lite,70,isd_lite,0.0,metno_forecast,41.9,isd_lite,1011.9,isd_lite,1,isd_lite metar metno_forecast
2025,8,14,21.0,isd_lite,14.4,isd_lite,31.9,isd_lite,64,isd_lite,0.0,metno_forecast,30.9,isd_lite,1011.4,isd_lite,2,isd_lite metar metno_forecast
2025,8,15,23.6,isd_lite,15.7,isd_lite,34.1,isd_lite,56,isd_lite,0.0,metno_forecast,27.6,isd_lite,1010.2,isd_lite,0,isd_lite
2025,8,16,22.6,isd_lite,16.3,isd_lite,30.4,isd_lite,64,isd_lite,0.0,metno_forecast,28.7,isd_lite,1013.0,isd_lite,0,isd_lite metno_forecast
2025,8,17,20.5,isd_lite,15.7,isd_lite,27.3,isd_lite,60,isd_lite,0.0,metno_forecast,35.9,isd_lite,1014.1,isd_lite,0,isd_lite
2025,8,18,20.9,isd_lite,13.5,isd_lite,30.7,isd_lite,53,isd_lite,0.0,metno_forecast,24.4,isd_lite,1014.9,isd_lite metar,0,isd_lite
2025,8,19,22.4,isd_lite metar,14.4,isd_lite metar,33.2,isd_lite metar,49,isd_lite metar,0.0,metno_forecast,23.2,isd_lite metar,1016.1,isd_lite metar,0,isd_lite metno_forecast
2025,8,20,24.7,isd_lite,15.0,isd_lite,35.0,isd_lite,50,isd_lite,0.0,metno_forecast,17.0,isd_lite,1015.1,isd_lite,0,isd_lite
2025,8,21,27.0,isd_lite,17.1,isd_lite,40.0,isd_lite,43,isd_lite,2.8,metno_forecast isd_lite,18.3,isd_lite,1011.0,isd_lite,0,isd_lite metno_forecast
2025,8,22,25.0,isd_lite,15.8,isd_lite,37.7,isd_lite,49,isd_lite,0.0,metno_forecast,21.2,isd_lite,1009.4,isd_lite,0,isd_lite metno_forecast
2025,8,23,23.2,isd_lite,16.6,isd_lite,34.1,isd_lite,55,isd_lite,0.0,metno_forecast,30.9,isd_lite,1010.1,isd_lite,0,isd_lite metno_forecast
2025,8,24,21.7,isd_lite,14.8,isd_lite,32.6,isd_lite,61,isd_lite,0.0,metno_forecast,36.0,isd_lite,1010.4,isd_lite,0,isd_lite metno_forecast
2025,8,25,22.4,metar isd_lite metno_forecast,15.5,metar isd_lite metno_forecast,34.0,metar isd_lite metno_forecast,60,metar isd_lite metno_forecast,0.0,metno_forecast,35.0,metar isd_lite metno_forecast,1009.0,metar isd_lite metno_forecast,0,metno_forecast
2025,8,26,22.8,metar,16.0,metar,33.0,metar,56,metar,0.0,metno_forecast,33.8,metar,1011.1,metar,0,metno_forecast
2025,8,27,22.4,metar metno_forecast,17.0,metar metno_forecast,32.0,metar metno_forecast,55,metar metno_forecast,0.0,metno_forecast,31.4,metar metno_forecast,1014.5,metar metno_forecast,0,metno_forecast metar
2025,8,28,22.5,metar metno_forecast,15.0,metar metno_forecast,34.0,metar metno_forecast,54,metar metno_forecast,0.0,metno_forecast,29.3,metar metno_forecast,1015.0,metar metno_forecast,0,metno_forecast
2025,8,29,22.4,metar metno_forecast,15.0,metar metno_forecast,32.2,metar metno_forecast,56,metar metno_forecast,0.0,metno_forecast,32.5,metar metno_forecast,1015.0,metar metno_forecast,1,metno_forecast
2025,8,30,26.3,metno_forecast,15.4,metno_forecast,38.4,metno_forecast,43,metno_forecast,0.0,metno_forecast,16.7,metno_forecast,1013.4,metno_forecast,0,metno_forecast
2025,8,31,27.6,metno_forecast,18.4,metno_forecast,37.2,metno_forecast,31,metno_forecast,0.0,metno_forecast,17.7,metno_forecast,1011.9,metno_forecast,1,metno_forecast
2025,9,1,27.4,metno_forecast,16.9,metno_forecast,40.0,metno_forecast,41,metno_forecast,0.0,metno_forecast,15.5,metno_forecast,1011.1,metno_forecast,0,metno_forecast
2025,9,2,25.0,metno_forecast metar,19.0,metno_forecast metar,34.4,metno_forecast metar,48,metno_forecast metar,0.1,metno_forecast,20.9,metno_forecast metar,1011.4,metno_forecast metar,1,metno_forecast
2025,9,3,22.0,metar metno_forecast,15.0,metar metno_forecast,34.0,metar metno_forecast,60,metar metno_forecast,0.0,metno_forecast,22.3,metar metno_forecast,1013.1,metar metno_forecast,0,metno_forecast
2025,9,4,19.5,metar,14.0,metar metno_forecast,28.0,metar metno_forecast,68,metar,0.0,metno_forecast,34.5,metar,1010.5,metar,4,metno_forecast
2025,9,5,20.5,metar,15.0,metar metno_forecast,29.0,metar metno_forecast,66,metar,0.0,metno_forecast,31.0,metar,1009.5,metar,2,metno_forecast
2025,9,6,20.1,metar metno_forecast,14.5,metar metno_forecast,28.0,metar metno_forecast,66,metar metno_forecast,0.0,metno_forecast,33.6,metar metno_forecast,1012.9,metar metno_forecast,2,metno_forecast
2025,9,7,21.7,metar,14.4,metar metno_forecast,31.0,metar metno_forecast,57,metar,0.0,metno_forecast,23.8,metar,1016.3,metar,3,metno_forecast
2025,9,8,21.0,metar metno_forecast,16.0,metar metno_forecast,28.0,metar metno_forecast,68,metar metno_forecast,0.0,metno_forecast,24.8,metar metno_forecast,1015.8,metar metno_forecast,2,metno_forecast
2025,9,9,20.9,metar,17.0,metar metno_forecast,26.0,metar metno_forecast,71,metar,0.0,metno_forecast,19.8,metar,1012.0,metar,5,metno_forecast metar
2025,9,10,20.1,metar,16.0,metar,26.0,metar,71,metar,0.7,metno_forecast,24.0,metar,1011.1,metar,4,metno_forecast metar
2025,9,11,21.1,metar metno_forecast,16.0,metar metno_forecast,28.0,metar metno_forecast,66,metar metno_forecast,0.0,metno_forecast metar,15.9,metar metno_forecast,1013.9,metar metno_forecast,3,metno_forecast metar
2025,9,12,21.4,metar metno_forecast,16.0,metar metno_forecast,30.0,metar metno_forecast,66,metar metno_forecast,0.0,metno_forecast,25.1,metar metno_forecast,1012.3,metar metno_forecast,0,metno_forecast
2025,9,13,20.3,metar metno_forecast,16.0,metar metno_forecast,28.0,metar metno_forecast,66,metar metno_forecast,0.0,metno_forecast,31.6,metar metno_forecast,1011.5,metar metno_forecast,1,metno_forecast
2025,9,14,21.8,metar,14.8,metar,31.0,metar,62,metar,0.0,metno_forecast,22.9,metar,1010.8,metar,0,metno_forecast
2025,9,15,23.5,metar metno_forecast,13.0,metar metno_forecast,35.0,metar metno_forecast,54,metar metno_forecast,0.0,metno_forecast,10.3,metar metno_forecast,1010.4,metar metno_forecast,0,metno_forecast
2025,9,16,24.7,metar metno_forecast,12.0,metar metno_forecast,36.0,metar metno_forecast,48,metar metno_forecast,0.0,metno_forecast,9.3,metar metno_forecast,1011.9,metar metno_forecast,0,metno_forecast
2025,9,17,26.2,metar metno_forecast,16.0,metar metno_forecast,38.0,metar metno_forecast,43,metar metno_forecast,0.0,metno_forecast,13.2,metar metno_forecast,1011.2,metar metno_forecast,1,metno_forecast
2025,9,18,23.3,metar,20.0,metar,29.0,metar,51,metar,0.0,metno_forecast,24.2,metar,1007.5,metar,6,metar metno_forecast
2025,9,19,22.1,metar,16.0,metar,30.0,metar,60,metar,0.0,metno_forecast,13.2,metar,1011.6,metar,3,metar metno_forecast
2025,9,20,22.4,metar,16.0,metar,31.0,metar,61,metar,0.0,metno_forecast,19.6,metar,1013.7,metar,0,metno_forecast
2025,9,21,23.2,metar,17.0,metar,32.0,metar,59,metar,0.0,metno_forecast,20.5,metar,1011.2,metar,0,metno_forecast
2025,9,22,24.7,metar,15.0,metar,35.0,metar,52,metar,0.0,metno_forecast,11.3,metar,1009.6,metar,0,metno_forecast
2025,9,23,26.2,metar,16.0,metar,38.0,metar,44,metar,0.0,metno_forecast,11.8,metar,1009.0,metar,0,metno_forecast
2025,9,24,22.8,metar,19.0,metar,30.0,metar,56,metar,0.7,metno_forecast metar,28.2,metar,1012.5,metar,3,metar metno_forecast
2025,9,25,21.3,metar,15.0,metar,30.0,metar,69,metar,0.0,metno_forecast metar,28.1,metar,1012.6,metar,3,metno_forecast metar
2025,9,26,21.8,metar,14.0,metar,32.0,metar,60,metar,0.0,metno_forecast,20.6,metar,1008.8,metar,0,metno_forecast
2025,9,27,20.1,metar,17.0,metar,26.0,metar,64,metar,0.0,metno_forecast,35.2,metar,1008.2,metar,0,metno_forecast
2025,9,28,19.6,metar,17.0,metar,22.0,metar,70,metar,0.0,metno_forecast,19.8,metar,1013.6,metar,7,metar metno_forecast
2025,9,29,19.9,metar metno_forecast,16.0,metar metno_forecast,24.0,metar metno_forecast,70,metar metno_forecast,0.0,metno_forecast,16.2,metar metno_forecast,1013.7,metar metno_forecast,6,metar metno_forecast
2025,9,30,20.0,metar,15.0,metar,26.0,metar,71,metar,0.3,metno_forecast metar,19.3,metar,1014.2,metar,5,metar metno_forecast
2025,10,1,19.8,metar,16.0,metar,24.0,metar,70,metar,0.7,metno_forecast metar,11.6,metar,1015.5,metar,7,metar metno_forecast
2025,10,2,19.3,metar,17.0,metar,23.0,metar,77,metar,0.1,metno_forecast metar,17.5,metar,1014.9,metar,4,metar metno_forecast
2025,10,3,17.5,metar,13.0,metar,23.0,metar,73,metar,1.3,metno_forecast metar,12.5,metar,1015.8,metar,3,metar metno_forecast
2025,10,4,18.2,metar,9.0,metar,27.0,metar,65,metar,0.0,metno_forecast,10.3,metar,1013.2,metar,0,metno_forecast
2025,10,5,19.1,metar,13.0,metar,28.0,metar,60,metar,0.0,metno_forecast,12.4,metar,1008.8,metar,0,metno_forecast
2025,10,6,20.1,metar,9.0,metar,31.0,metar,52,metar,0.0,metno_forecast,10.2,metar,1009.2,metar,0,metno_forecast
2025,10,7,20.8,metar metno_forecast,9.0,metar metno_forecast,33.1,metar metno_forecast,50,metar metno_forecast,0.0,metno_forecast,7.3,metar metno_forecast,1010.0,metar metno_forecast,0,metno_forecast
2025,10,8,18.4,metar,14.8,metar,23.9,metar,71,metar,0.0,metno_forecast,17.6,metar,1009.7,metno_forecast,1,metno_forecast
2025,10,9,17.4,metar metno_forecast,11.0,metar metno_forecast,25.0,metar metno_forecast,71,metar metno_forecast,0.0,metno_forecast,7.5,metar metno_forecast,1012.9,metno_forecast,4,metno_forecast metar
2025,10,10,17.9,metar,10.9,metar,24.4,metar,60,metar,0.0,metno_forecast,11.2,metar,,,1,metno_forecast metar
2025,10,11,16.0,metar,10.0,metar,23.0,metar,63,metar,0.0,metno_forecast,10.0,metar,1014.0,metar,2,metno_forecast metar
2025,10,12,16.5,metar,8.0,metar,25.0,metar,56,metar,0.0,metno_forecast,11.4,metar,1010.1,metar,2,metno_forecast metar
2025,10,13,13.9,metar,11.0,metar,21.0,metar,74,metar,2.0,metno_forecast metar,17.9,metar,1002.9,metar,5,metar metno_forecast
2025,10,14,12.6,metar,10.0,metar,14.0,metar,88,metar,6.9,metar metno_forecast,6.2,metar,1008.4,metar,5,metar
2025,10,15,13.4,metar,10.0,metar,17.0,metar,85,metar,0.9,metno_forecast metar,5.0,metar,1017.7,metar,4,metar metno_forecast
2025,10,16,14.2,metar,7.0,metar,23.0,metar,75,metar,0.0,metno_forecast,5.4,metar,1017.0,metar,0,metno_forecast
2025,10,17,14.8,metar,6.0,metar,24.0,metar,76,metar,0.0,metno_forecast,4.8,metar,1015.2,metar,2,metno_forecast metar
2025,10,18,17.2,metar,11.0,metar,26.0,metar,73,metar,0.0,metno_forecast,6.5,metar,1016.0,metar,0,metno_forecast
2025,10,19,18.4,metar,10.0,metar,28.0,metar,66,metar,0.0,metno_forecast,12.9,metar,1016.0,metar,0,metno_forecast
2025,10,20,19.4,metar metno_forecast,12.0,metar metno_forecast,28.0,metar metno_forecast,47,metar metno_forecast,0.0,metno_forecast,11.9,metar metno_forecast,1017.4,metar metno_forecast,0,metno_forecast
2025,10,21,18.3,metar metno_forecast,8.0,metar metno_forecast,28.0,metar metno_forecast,54,metar metno_forecast,0.0,metno_forecast,11.7,metar metno_forecast,1015.5,metar metno_forecast,1,metno_forecast metar
2025,10,22,16.7,metar metno_forecast,13.0,metar metno_forecast,21.0,metar metno_forecast,72,metar metno_forecast,0.6,metno_forecast metar,28.5,metar metno_forecast,1016.3,metar metno_forecast,4,metar metno_forecast
2025,10,23,15.5,metar metno_forecast,9.0,metar metno_forecast,23.0,metar metno_forecast,77,metar metno_forecast,0.0,metno_forecast,11.8,metar metno_forecast,1018.6,metar metno_forecast,2,metno_forecast
2025,10,24,15.6,metar,11.0,metar,23.0,metar,79,metar,0.0,metno_forecast,19.9,metar,1016.8,metar,6,metno_forecast metar
2025,10,25,16.4,metar,14.0,metar,19.0,metar,82,metar,2.7,metno_forecast metar,18.7,metar,1016.3,metar,5,metar metno_forecast
2025,10,26,15.8,metar,13.0,metar,20.0,metar,80,metar,0.6,metno_forecast metar,19.3,metar,1016.4,metar,6,metar
2025,10,27,15.4,metar metno_forecast,8.0,metar metno_forecast,22.0,metar metno_forecast,62,metar metno_forecast,0.0,metno_forecast metar,9.8,metar metno_forecast,1019.8,metar metno_forecast,2,metno_forecast metar
2025,10,28,14.0,metar,4.0,metar,25.0,metar,62,metar,0.0,metno_forecast,6.6,metar,1019.3,metar,0,metno_forecast
2025,10,29,16.3,metar,7.0,metar,29.0,metar,67,metar,0.0,metno_forecast,5.0,metar,1018.4,metar,0,metno_forecast
2025,10,30,15.5,metar,7.0,metar,26.0,metar,75,metar,0.0,metno_forecast,9.6,metar,1015.2,metar,3,metno_forecast
2025,10,31,17.0,metar,11.0,metar,27.0,metar,74,metar,0.0,metno_forecast,14.4,metar,1015.7,metar,3,metno_forecast
2025,11,1,15.9,metar,9.0,metar,26.0,metar,74,metar,0.0,metno_forecast,5.1,metar,1017.7,metar,1,metno_forecast
2025,11,2,16.6,metar,8.0,metar,27.0,metar,74,metar,0.0,metno_forecast,6.1,metar,1017.2,metar,0,metno_forecast
2025,11,3,15.1,metar metno_forecast,10.0,metar metno_forecast,22.0,metar metno_forecast,72,metar metno_forecast,0.0,metno_forecast,20.1,metar metno_forecast,1015.6,metar metno_forecast,2,metno_forecast
2025,11,4,16.0,metar,9.0,metar,23.0,metar,76,metar,0.0,metno_forecast,13.2,metar,1015.9,metar,6,metno_forecast metar
2025,11,5,15.8,metar metno_forecast,11.0,metar metno_forecast,20.0,metar metno_forecast,83,metar metno_forecast,2.0,metno_forecast metar,17.6,metar metno_forecast,1017.1,metar metno_forecast,5,metar metno_forecast
2025,11,6,16.2,metar,11.0,metar,22.0,metar,80,metar,0.0,metno_forecast,14.5,metar,1021.8,metar,4,metno_forecast metar
2025,11,7,16.3,metar,12.0,metar,22.0,metar,79,metar,0.0,metno_forecast,9.7,metar,1018.9,metar,4,metar metno_forecast
2025,11,8,14.3,metar,8.0,metar,24.0,metar,77,metar,0.0,metno_forecast,6.0,metar,1016.0,metar,5,metno_forecast metar
2025,11,9,15.7,metar,9.0,metar,26.0,metar,76,metar,0.0,metno_forecast,8.1,metar,1019.6,metar,4,metno_forecast
2025,11,10,15.2,metar,7.0,metar,26.0,metar,77,metar,0.0,metno_forecast,5.1,metar,1020.7,metar,7,metno_forecast
2025,11,11,14.7,metar metno_forecast,7.0,metar metno_forecast,23.0,metar metno_forecast,79,metar metno_forecast,0.0,metno_forecast,9.2,metar metno_forecast,1017.1,metar metno_forecast,7,metno_forecast metar
2025,11,12,16.3,metar metno_forecast,13.0,metar metno_forecast,21.0,metar metno_forecast,76,metar metno_forecast,0.0,metno_forecast metar,10.6,metar metno_forecast,1014.0,metar metno_forecast,6,metar metno_forecast
2025,11,13,15.4,metar,13.0,metar,17.0,metar,87,metar,5.1,metar metno_forecast,15.4,metar,1009.8,metar,4,metar
2025,11,14,13.8,metar,9.0,metar,18.0,metar,87,metar,0.1,metno_forecast metar,6.5,metar,1014.1,metar,3,metar metno_forecast
2025,11,15,14.2,metar,7.0,metar,20.0,metar,79,metar,0.5,metno_forecast,13.3,metar,1008.2,metar,6,metno_forecast metar
2025,11,16,15.3,metar,14.0,metar,19.0,metar,80,metar,1.4,metno_forecast metar,21.8,metar,1008.4,metar,4,metar
2025,11,17,13.0,metar,11.0,metar,15.0,metar,86,metar,1.9,metar metno_forecast,14.5,metar,1007.5,metar,4,metar metno_forecast
2025,11,18,11.6,metar,7.0,metar,17.0,metar,82,metar,0.2,metno_forecast,11.7,metar,1013.7,metar metno_forecast,4,metar metno_forecast
2025,11,19,12.4,metar,8.0,metar,17.0,metar,81,metar,0.0,metno_forecast metar,7.6,metar,1016.4,metar,6,metar
2025,11,20,11.2,metar,7.0,metar,15.0,metar,87,metar,3.1,metar metno_forecast,7.4,metar,1014.9,metar,4,metar metno_forecast
2025,11,21,9.9,metar,4.0,metar,18.0,metar,81,metar,0.0,metno_forecast,6.3,metar,1015.8,metar,0,metno_forecast
2025,11,22,10.0,metar,5.0,metar,17.0,metar,88,metar,0.0,metno_forecast,5.5,metar,1017.7,metar,1,metno_forecast metar
2025,11,23,8.5,metar,6.0,metar,13.0,metar,93,metar,0.0,metno_forecast,6.8,metar,1020.4,metar,5,metar metno_forecast
2025,11,24,11.0,metar metno_forecast,7.0,metar metno_forecast,19.0,metar metno_forecast,88,metar metno_forecast,0.0,metno_forecast,4.0,metar metno_forecast,1024.3,metno_forecast metar,5,metno_forecast metar
2025,11,25,9.0,metar metno_forecast,5.0,metar metno_forecast,12.0,metar metno_forecast,93,metar metno_forecast,0.0,metno_forecast metar,4.0,metar,1024.9,metar metno_forecast,6,metno_forecast metar
2025,11,26,8.7,metar,4.0,metar,11.0,metar,89,metar,0.0,metno_forecast,8.6,metar,1024.3,metar,5,metno_forecast metar
2025,11,27,8.5,metar,8.0,metar,9.0,metar,89,metar,0.0,metno_forecast,8.1,metar,1022.0,metar,8,metar
2025,11,28,7.5,metar,7.0,metar,8.0,metar,89,metar,0.0,metno_forecast,8.3,metar,1019.9,metar,8,metar
2025,11,29,7.4,metar,7.0,metar,9.0,metar,88,metar,0.0,metno_forecast,8.2,metar,1019.0,metar,8,metar
2025,11,30,7.0,metar,6.0,metar,8.0,metar,88,metar,0.0,metno_forecast metar,8.7,metar,1018.6,metar,8,metar
2025,12,1,6.9,metar,2.0,metar,11.0,metar,84,metar,0.0,metno_forecast,8.3,metar,1020.4,metar,5,metar metno_forecast
2025,12,2,7.6,metar,2.0,metar,13.0,metar,88,metar,0.0,metno_forecast,5.5,metar,1018.5,metar,6,metno_forecast metar
2025,12,3,11.2,metar,2.0,metar,18.0,metar,57,metar,0.0,metno_forecast,17.2,metar,1019.0,metar,6,metno_forecast metar
2025,12,4,5.8,metar metno_forecast,2.0,metar metno_forecast,10.0,metar metno_forecast,87,metar metno_forecast,0.0,metno_forecast,5.4,metar metno_forecast,1023.8,metar metno_forecast,6,metar metno_forecast
2025,12,5,6.0,metar metno_forecast,4.0,metar metno_forecast,9.0,metar metno_forecast,91,metar metno_forecast,0.0,metno_forecast,6.7,metar metno_forecast,1022.6,metar metno_forecast,6,metar metno_forecast
2025,12,6,6.7,metar,6.0,metar,7.5,metar,92,metar,0.0,metno_forecast metar,3.6,metar,,,8,metar
2025,12,7,6.0,metno_forecast metar,3.7,metno_forecast metar,10.0,metno_forecast metar,94,metno_forecast metar,0.0,metno_forecast,4.7,metno_forecast metar,,,7,metno_forecast metar
2025,12,8,6.9,metno_forecast,3.8,metno_forecast,12.4,metno_forecast,94,metno_forecast,0.0,metno_forecast,3.6,metno_forecast,1025.9,metno_forecast,6,metno_forecast
